<artdetails>
	<rating>7.8</rating>
	<tmdb_type>tv</tmdb_type>
	<tmdb_title>פארגו</tmdb_title>
	<landscape>http://assets.fanart.tv/fanart/tv/269613/tvthumb/fargo-536c9b300d722.jpg</landscape>
	<plot>פארגו" ("Fargo"), הדרמה המסקרנת של עונת האביב מבית רשת "FX" וחברת "MGM", מבוססת על הסרט המפורסם משנת 1996 שיצרו הבמאים זוכי ארבעה פרסי האוסקר ג'ואל ואית'ן כהן.</plot>
	<thumb>http://assets.fanart.tv/fanart/tv/269613/tvthumb/fargo-536c9b300d722.jpg</thumb>
	<title>פארגו</title>
	<fanart>http://assets.fanart.tv/fanart/tv/269613/showbackground/fargo-53ff223106bce.jpg</fanart>
	<homepage>http://www.fxnetworks.com/fargo</homepage>
	<channel>הערוץ הראשון [B][COLOR lime] ישראל - [/COLOR][/B]</channel>
	<extrafanart>plugin://script.skin.helper.service/?action=EXTRAFANART&amp;path=special%3A%2F%2Fprofile%2Faddon_data%2Fscript.skin.helper.service%2Fpvrthumbs%2F%D7%A4%D7%90%D7%A8%D7%92%D7%95%2Fpvrdetails.xml</extrafanart>
	<status>Returning Series</status>
	<poster>http://assets.fanart.tv/fanart/tv/269613/tvposter/fargo-536cab7aa72da.jpg</poster>
	<tvdb_id>269613</tvdb_id>
	<studio>Mike Zoss Productions / MGM Television / 26 Keys Production / Littlefield Company</studio>
	<genre>אחר / לא ידוע</genre>
	<path>pvr://channels/tv/כל הערוצים/</path>
	<banner>http://assets.fanart.tv/fanart/tv/269613/tvbanner/fargo-5353d9c400e55.jpg</banner>
	<clearart>http://assets.fanart.tv/fanart/tv/269613/hdclearart/fargo-5354aee1b6091.png</clearart>
	<date_scraped>2016-07-01 23:00:11.738797</date_scraped>
	<extrafanarts>[u'http://assets.fanart.tv/fanart/tv/269613/showbackground/fargo-53ff223106bce.jpg', u'http://assets.fanart.tv/fanart/tv/269613/showbackground/fargo-544dfefeb9f1c.jpg', u'http://assets.fanart.tv/fanart/tv/269613/showbackground/fargo-53ff22312b8f8.jpg', u'http://assets.fanart.tv/fanart/tv/269613/showbackground/fargo-53ff223116b95.jpg', u'http://assets.fanart.tv/fanart/tv/269613/showbackground/fargo-53ff223121520.jpg', u'http://assets.fanart.tv/fanart/tv/269613/showbackground/fargo-53ff223135c94.jpg', u'http://assets.fanart.tv/fanart/tv/269613/showbackground/fargo-5620f61ba2d85.jpg']</extrafanarts>
	<clearlogo>http://assets.fanart.tv/fanart/tv/269613/hdtvlogo/fargo-532178fadf836.png</clearlogo>
	<channellogo>http://anarchitv.co/TV/Logos/1.png</channellogo>
</artdetails>
