<artdetails>
	<status>Ended</status>
	<rating>7.0</rating>
	<tmdb_type>tv</tmdb_type>
	<thumb>http://assets.fanart.tv/fanart/tv/76278/tvthumb/iron-man-56ae31bb832f8.jpg</thumb>
	<plot>Iron Man, also known as Iron Man: The Animated Series, is an American animated television series based on Marvel Comics' superhero Iron Man. The series aired from 1994 to 1996 in syndication as part of The Marvel Action Hour, which packaged Iron Man with another animated series based on Marvel properties, the Fantastic Four, with one half-hour episode from each series airing back-to-back. The show was backed by a toy line that featured many armor variants.

This series of Iron Man was among the few television series to be re-recorded in THX. This may have been usual at the time for a motion picture, but it is rare for a television series. Off the heels of the release of the live-action Iron Man film in 2008, reruns began airing on the Jetix block on Toon Disney. Additionally, all 26 episodes are currently available for streaming through LoveFilm.</plot>
	<fanart>http://image.tmdb.org/t/p/original/aWRuGB80QbTCJUF8L0qtfM8lpRZ.jpg</fanart>
	<poster>http://image.tmdb.org/t/p/original/cY0luhHgHsZL9uycjKxHDYFnT6q.jpg</poster>
	<tvdb_id>76278</tvdb_id>
	<clearlogo>http://assets.fanart.tv/fanart/tv/76278/clearlogo/IronMan-76278.png</clearlogo>
	<tmdb_title>Iron Man</tmdb_title>
	<date_scraped>2017-02-02 10:12:59.403398</date_scraped>
	<studio>Disney XD</studio>
	<channel>MBC 2 HD</channel>
	<path>pvr://channels/tv/כל הערוצים/</path>
	<genre>אחר / לא ידוע</genre>
	<title>Iron Man</title>
	<homepage>http://members.aol.com/drg4/im.html?f=fs</homepage>
	<landscape>http://assets.fanart.tv/fanart/tv/76278/tvthumb/iron-man-56ae31bb832f8.jpg</landscape>
	<channellogo>http://static.filmon.com/couch/channels/368/extra_big_logo.png</channellogo>
</artdetails>
