<?xml version='1.0' encoding='UTF-8'?>
<shortcuts>
	<shortcut>
		<defaultID />
		<label>ערוץ 10</label>
		<label2>Custom shortcut</label2>
		<icon>DefaultShortcut.png</icon>
		<thumb>special://skin/extras/icons/livetv.png</thumb>
		<action>ActivateWindow(10025,"plugin://plugin.video.ilten",return)</action>
	</shortcut>
	<shortcut>
		<defaultID />
		<label>ערוץ 2 - רשת</label>
		<label2>Custom item</label2>
		<icon>DefaultShortcut.png</icon>
		<thumb>special://skin/extras/icons/livetv.png</thumb>
		<action>ActivateWindow(VideoLibrary,"plugin://plugin.video.reshet.video/?category=14830",return)</action>
	</shortcut>
	<shortcut>
		<defaultID />
		<label>מאקו - קשת TheWeb</label>
		<label2>Custom shortcut</label2>
		<icon>DefaultShortcut.png</icon>
		<thumb>special://skin/extras/icons/livetv.png</thumb>
		<action>ActivateWindow(10025,"plugin://plugin.video.MakoTV",return)</action>
	</shortcut>
	<shortcut>
		<defaultID />
		<label>Sdarot.TV</label>
		<label2>Custom item</label2>
		<icon>DefaultShortcut.png</icon>
		<thumb>special://skin/extras/icons/director.png</thumb>
		<action>ActivateWindow(VideoLibrary,"plugin://plugin.video.sdarot.tv",return)</action>
	</shortcut>
	<shortcut>
		<defaultID />
		<label>וואלה</label>
		<label2>Custom shortcut</label2>
		<icon>DefaultShortcut.png</icon>
		<thumb>special://skin/extras/icons/livetv.png</thumb>
		<action>ActivateWindow(10025,"plugin://plugin.video.wallaNew.video",return)</action>
	</shortcut>
	<shortcut>
		<defaultID />
		<label>סטנד אפ ישראלי</label>
		<label2>Custom item</label2>
		<icon>DefaultShortcut.png</icon>
		<thumb>special://skin/extras/icons/microphone.png</thumb>
		<action>ActivateWindow(VideoLibrary,"plugin://plugin.video.kodisraelstandup",return)</action>
	</shortcut>
	<shortcut>
		<defaultID />
		<label>Movix</label>
		<label2>Custom item</label2>
		<icon>DefaultShortcut.png</icon>
		<thumb>special://skin/extras/icons/film.png</thumb>
		<action>ActivateWindow(VideoLibrary,"plugin://plugin.video.movixws",return)</action>
	</shortcut>
	<shortcut>
		<defaultID />
		<label>ערוץ 1</label>
		<label2>Custom item</label2>
		<icon>DefaultShortcut.png</icon>
		<thumb>special://skin/extras/icons/Channel_1.png</thumb>
		<action>ActivateWindow(VideoLibrary,"plugin://plugin.video.IBA",return)</action>
	</shortcut>
	<shortcut>
		<defaultID />
		<label>הוט</label>
		<label2>Custom shortcut</label2>
		<icon>DefaultShortcut.png</icon>
		<thumb>special://skin/extras/icons/livetv.png</thumb>
		<action>ActivateWindow(10025,"plugin://plugin.video.hotVOD.video",return)</action>
	</shortcut>
</shortcuts>
