[{"versioname":"Arrival.2016.576p.DVDScr.x264.AC3.HQ-MRN","id":"158763","score":0},{"versioname":"Arrival.2016.DVDScr.AAC.2CH.x265.HEVC-GunGravE","id":"158764","score":0},{"versioname":"Arrival.2016.DVDSCR.DD5.1.x264-BDP","id":"158765","score":0},{"versioname":"Arrival.2016.DVDScr.x264","id":"165807","score":0},{"versioname":"Arrival.2016.DVDScr.x264-4RRIVED","id":"158724","score":0},{"versioname":"Arrival.2016.DVDScr.XVID.AC3.HQ.Hive-CM8","id":"158725","score":0},{"versioname":"Arrival.2016.PROPER.DVDScr.AAC.2CH.x265.HEVC-GunGravE","id":"158766","score":0}]