[{"versioname":"Split.(2016).HDTS.500MB.Ganool","id":"177581","score":0},{"versioname":"Split.2016.1080p.HDRip.HEVC.x265-RMTeam","id":"177582","score":0},{"versioname":"Split.2016.1080p.KORSUB.HDRip.x264.AAC2.0-STUTTERSHIT","id":"177583","score":0},{"versioname":"Split.2016.480p.HDRip.x264-RMTeam","id":"177584","score":0},{"versioname":"Split.2016.720.HC.HDRip.900MB.MkvCage","id":"177585","score":0},{"versioname":"Split.2016.720p.HDRip.HEVC.x265-RMTeam","id":"177586","score":0},{"versioname":"Split.2016.720p.KORSUB.HDRip.x264.AAC2.0-STUTTERSHIT","id":"177587","score":0},{"versioname":"Split.2016.720p.KORSUB.HDRip.XviD.MP3-STUTTERSHIT","id":"177588","score":0},{"versioname":"Split.2016.HC.HDRip.XviD.AC3-iFT","id":"177589","score":0},{"versioname":"Split.2016.KORSUB.HDRip.x264-STUTTERSHIT","id":"177590","score":0},{"versioname":"Split.2016.KORSUB.HDRip.XviD.MP3-STUTTERSHIT","id":"177591","score":0},{"versioname":"Split.2017-1080p.HC.HDRip.x264-EVO","id":"177592","score":0},{"versioname":"Split.2017-720p.HC.HDRIP.900MB-NBY","id":"177573","score":0},{"versioname":"Split.2017-HC.HDRIP.x264-Makintos13","id":"177593","score":0}]