{"page":1,"results":[{"poster_path":"\/cxATYyYZA8hxG1omnInZwaK1vMW.jpg","adult":false,"overview":"מואנה, נווטת מלידה, מפליגה מהאיים העתיקים של אוקיאניה בדרום האוקיינוס השקט בחיפושה אחרי אי אגדי. בזמן מסעה המופלא, היא חוברת לגיבור שלה, חצי-האל \"מאווי\", וביחד הם חוצים את הים הפתוח בהפלגה מלאת אקשן ופוגשים יצורי ים אדירים, עולמות תת מימיים ותרבויות עתיקות.","release_date":"2016-11-23","genre_ids":[16,12,35,10751,14,10402],"id":277834,"original_title":"Moana","original_language":"en","title":"מואנה","backdrop_path":"\/1qGzqGUd1pa05aqYXGSbLkiBlLB.jpg","popularity":57.88647,"vote_count":358,"video":false,"vote_average":6.5}],"total_results":1,"total_pages":1}