[{"versioname":"Bad.Moms.2016.1080p.BluRay-ShAaNiG","id":"75145","score":0},{"versioname":"Bad.Moms.2016.1080p.BluRay.H264.AAC-RARBG","id":"134694","score":0},{"versioname":"Bad.Moms.2016.1080p.BluRay.x264-DRONES","id":"75208","score":0},{"versioname":"Bad.Moms.2016.720p.BluRay-ShAaNiG","id":"76457","score":0},{"versioname":"Bad.Moms.2016.720p.BluRay.-.900MB-ShAaNiG","id":"134708","score":0},{"versioname":"Bad.Moms.2016.720p.BluRay.DTS.x264-iFT","id":"120412","score":0},{"versioname":"Bad.Moms.2016.720p.BluRay.H264.AAC-RARBG","id":"134709","score":0},{"versioname":"Bad.Moms.2016.720p.BluRay.HEVC.x265-RMTeam","id":"134710","score":0},{"versioname":"Bad.Moms.2016.720p.BluRay.x264-DRONES","id":"75100","score":0},{"versioname":"Bad.Moms.2016.720p.BluRay.x264.ShAaNiG","id":"134711","score":0},{"versioname":"Bad.Moms.2016.720p.BRRip.900MB-MkvCage","id":"128207","score":0},{"versioname":"Bad.Moms.2016.720p.BRRip.x264-MkvCage","id":"128208","score":0},{"versioname":"Bad.Moms.2016.720p.BRRip.x264.AAC-ETRG","id":"139451","score":0},{"versioname":"Bad.Moms.2016.BDRip.x264-DRONES","id":"75153","score":0},{"versioname":"Bad.Moms.2016.BluRay.720p.x264.DTS-HDC","id":"134712","score":0},{"versioname":"Bad.Moms.2016.BRRip.XviD-ETRG","id":"75709","score":0},{"versioname":"Bad.Moms.2016.BRRip.XviD-EVO","id":"75708","score":0},{"versioname":"Bad.Moms.2016.BRRip.XviD.AC3-EVO","id":"138197","score":0},{"versioname":"Bad.Moms.2016.BRRip.XviD.AC3-iFT","id":"105527","score":0},{"versioname":"Bad.Moms.2016.MULTi.1080p.BluRay.x264-ZEST","id":"139349","score":0}]