<artdetails>
	<rating>6.1</rating>
	<tmdb_type>tv</tmdb_type>
	<tmdb_title>עד עצם היום הזה</tmdb_title>
	<landscape>http://assets.fanart.tv/fanart/tv/248835/tvthumb/once-upon-a-time-2011-4f543fa3524cd.jpg</landscape>
	<plot>מפיקי "אבודים", אדם הורביץ ואדוארד קיציס, מביאים אל המסך דמויות מהאגדות שמתהלכות בינינו ומנסות למצוא את דרכן במאה ה-21. אמה סוואן (ג'ניפר מוריסון, "איך פגשתי את אמא") נטשה את תינוקה לאחר הלידה. אבל כשהבן בן העשר מחליט למצוא את אמו, הכל מתחיל להשתנות כאשר אמה מגלה כי היא הבת האובדת של שלגיה ופרינס צ'ארמינג.</plot>
	<thumb>http://assets.fanart.tv/fanart/tv/248835/tvthumb/once-upon-a-time-2011-4f543fa3524cd.jpg</thumb>
	<title>היום הזה</title>
	<fanart>http://assets.fanart.tv/fanart/tv/248835/showbackground/once-upon-a-time-2011-524b7d34c79eb.jpg</fanart>
	<characterart>http://assets.fanart.tv/fanart/tv/248835/characterart/once-upon-a-time-2011-511697627c208.png</characterart>
	<homepage>http://abc.go.com/shows/once-upon-a-time</homepage>
	<channel>ערוץ 20 [B][COLOR lime] ישראל - [/COLOR][/B]</channel>
	<extrafanart>plugin://script.skin.helper.service/?action=EXTRAFANART&amp;path=special%3A%2F%2Fprofile%2Faddon_data%2Fscript.skin.helper.service%2Fpvrthumbs%2F%D7%94%D7%99%D7%95%D7%9D+%D7%94%D7%96%D7%94%2Fpvrdetails.xml</extrafanart>
	<status>Returning Series</status>
	<poster>http://assets.fanart.tv/fanart/tv/248835/tvposter/once-upon-a-time-2011-524b912b2c2dd.jpg</poster>
	<tvdb_id>248835</tvdb_id>
	<studio>ABC Studios</studio>
	<genre>אחר / לא ידוע</genre>
	<path>pvr://channels/tv/כל הערוצים/</path>
	<banner>http://assets.fanart.tv/fanart/tv/248835/tvbanner/once-upon-a-time-2011-51ea81671bb26.jpg</banner>
	<clearart>http://assets.fanart.tv/fanart/tv/248835/clearart/once-upon-a-time-2011-4f120049b29ff.png</clearart>
	<date_scraped>2016-05-24 21:06:12.801794</date_scraped>
	<extrafanarts>[u'http://assets.fanart.tv/fanart/tv/248835/showbackground/once-upon-a-time-2011-524b7d34c79eb.jpg', u'http://assets.fanart.tv/fanart/tv/248835/showbackground/once-upon-a-time-2011-5431b46dc00b5.jpg', u'http://assets.fanart.tv/fanart/tv/248835/showbackground/once-upon-a-time-2011-50b214e4cd9be.jpg', u'http://assets.fanart.tv/fanart/tv/248835/showbackground/once-upon-a-time-2011-50dfcbd5508a8.jpg', u'http://assets.fanart.tv/fanart/tv/248835/showbackground/once-upon-a-time-2011-557bf0258a596.jpg', u'http://assets.fanart.tv/fanart/tv/248835/showbackground/once-upon-a-time-2011-557bf043df1f4.jpg', u'http://assets.fanart.tv/fanart/tv/248835/showbackground/once-upon-a-time-2011-50b21450c81a9.jpg', u'http://assets.fanart.tv/fanart/tv/248835/showbackground/once-upon-a-time-2011-50b214e4ccebc.jpg', u'http://assets.fanart.tv/fanart/tv/248835/showbackground/once-upon-a-time-2011-54401ab43778e.jpg', u'http://assets.fanart.tv/fanart/tv/248835/showbackground/once-upon-a-time-2011-557bedd03e423.jpg']</extrafanarts>
	<clearlogo>http://assets.fanart.tv/fanart/tv/248835/hdtvlogo/once-upon-a-time-2011-519783ce443ca.png</clearlogo>
	<channellogo>http://anarchitv.co/TV/Logos/20.png</channellogo>
</artdetails>
