<artdetails>
	<status>Ended</status>
	<plot>Lorraine is the early weekday morning, lifestyle and entertainment show for ITV, presented by Lorraine Kelly and Kate Garraway. ITV Breakfast produces Lorraine, which airs every weekday from 08:30 until 09:25, following Daybreak. The programme replaced Kelly's previous show, GMTV with Lorraine.</plot>
	<tmdb_type>tv</tmdb_type>
	<title>Lorraine</title>
	<tvdb_id>None</tvdb_id>
	<tmdb_title>Lorraine</tmdb_title>
	<date_scraped>2017-02-02 11:09:59.569650</date_scraped>
	<studio>ITV</studio>
	<genre>אחר / לא ידוע</genre>
	<path>pvr://channels/tv/כל הערוצים/</path>
	<homepage>http://www.itv.com/lorraine</homepage>
	<channel>ITV1</channel>
	<channellogo>http://static.filmon.com/couch/channels/11/extra_big_logo.png</channellogo>
</artdetails>
