<?xml version='1.0' encoding='UTF-8'?>
<shortcuts>
	<shortcut>
		<defaultID />
		<label>הרחבות ילדים - ישראלי</label>
		<label2>Custom item</label2>
		<icon>DefaultShortcut.png</icon>
		<thumb>special://skin/extras/icons/kids.png</thumb>
		<action>ActivateWindow(VideoLibrary,"plugin://plugin.video.Vodil/?url=url&amp;mode=12&amp;name=%D7%99%D7%9C%D7%93%D7%99%D7%9D",return)</action>
	</shortcut>
	<shortcut>
		<defaultID />
		<label>תוכניות לילדים - כל הגילאים</label>
		<label2>Custom shortcut</label2>
		<icon>DefaultShortcut.png</icon>
		<thumb>special://skin/extras/icons/kids.png</thumb>
		<action>ActivateWindow(10025,"plugin://plugin.video.featherence.kids",return)</action>
	</shortcut>
	<shortcut>
		<defaultID />
		<label>ניק גוניור</label>
		<label2>Custom item</label2>
		<icon>DefaultShortcut.png</icon>
		<thumb>special://skin/extras/icons/tvguide.png</thumb>
		<action>PlayMedia("plugin://program.apollo/?action=apollo&amp;imdb=9999&amp;season=240&amp;title=NickJR",return)</action>
	</shortcut>
	<shortcut>
		<defaultID />
		<label>ערוץ ניק גוניור - שידור נוסף</label>
		<label2>Custom item</label2>
		<icon>DefaultShortcut.png</icon>
		<thumb>special://skin/extras/icons/tvguide.png</thumb>
		<action>PlayMedia("http://151.80.29.203:9900/live/3month/3month/17715.m3u8",return)</action>
	</shortcut>
	<shortcut>
		<defaultID />
		<label>ערוץ דיסני</label>
		<label2>Custom item</label2>
		<icon>DefaultShortcut.png</icon>
		<thumb>special://skin/extras/icons/genre.png</thumb>
		<action>PlayMedia("plugin://program.apollo/?action=apollo&amp;imdb=9999&amp;season=819&amp;title=Disney  DE",return)</action>
	</shortcut>
	<shortcut>
		<defaultID />
		<label>ערוץ דיסני - שידור נוסף</label>
		<label2>Custom item</label2>
		<icon>DefaultShortcut.png</icon>
		<thumb>special://skin/extras/icons/genre.png</thumb>
		<action>PlayMedia("http://151.80.29.203:9900/live/3month/3month/18369.m3u8",return)</action>
	</shortcut>
	<shortcut>
		<defaultID />
		<label>ערוץ דיסני - שידור נוסף - (ספרדית)</label>
		<label2>Custom item</label2>
		<icon>DefaultShortcut.png</icon>
		<thumb>special://skin/extras/icons/genre.png</thumb>
		<action>PlayMedia("http://151.80.29.203:9900/live/3month/3month/18760.m3u8",return)</action>
	</shortcut>
	<shortcut>
		<defaultID />
		<label>ערוץ הילדים</label>
		<label2>Custom item</label2>
		<icon>DefaultShortcut.png</icon>
		<thumb>special://skin/extras/icons/tv.png</thumb>
		<action>ActivateWindow(VideoLibrary,"plugin://plugin.video.Vodil/?url=PLeagipoZmyfkWkyetCWsJMGy8yBvHdJs-&amp;mode=27&amp;name=%D7%A2%D7%A8%D7%95%D7%A5+%D7%94%D7%99%D7%9C%D7%93%D7%99%D7%9D",return)</action>
	</shortcut>
	<shortcut>
		<defaultID />
		<label>תוכניות ילדים</label>
		<label2>Custom shortcut</label2>
		<icon>DefaultShortcut.png</icon>
		<thumb>special://skin/extras/icons/play.png</thumb>
		<action>ActivateWindow(10025,"plugin://plugin.video.MakoTV/?url=http%3A%2F%2Fwww.mako.co.il%2Fmako-vod-kids&amp;mode=0&amp;name=%D7%AA%D7%9B%D7%A0%D7%99%D7%95%D7%AA+%D7%99%D7%9C%D7%93%D7%99%D7%9D&amp;iconimage=http://now.tufts.edu/sites/default/files/111116_kids_TV_illo_L.JPG",return)</action>
	</shortcut>
	<shortcut>
		<defaultID />
		<label>סרטים מצוירים</label>
		<label2>Custom item</label2>
		<icon>DefaultShortcut.png</icon>
		<thumb>special://skin/extras/icons/livetv.png</thumb>
		<action>ActivateWindow(VideoLibrary,"plugin://plugin.video.Vodil/?url=PLnzhIyrsnB5ZHtALtuMGstpsfQFG8wLZE&amp;mode=1&amp;name=%D7%A1%D7%A8%D7%98%D7%99%D7%9D+%D7%9C%D7%99%D7%9C%D7%93%D7%99%D7%9D+%D7%9E%D7%93%D7%95%D7%91%D7%91+%2B+%D7%9E%D7%AA%D7%95%D7%A8%D7%92%D7%9D",return)</action>
	</shortcut>
	<shortcut>
		<defaultID />
		<label>בוב ספוג</label>
		<label2>Custom item</label2>
		<icon>DefaultShortcut.png</icon>
		<thumb>special://home/Graphics/icons/bob_sfog1.png</thumb>
		<action>PlayMedia("plugin://plugin.video.phstreams/?action=play&amp;url=%3Csublink%3Ehttp%3A%2F%2Fveetle.com%2Findex.php%2Fchannel%2Fview%2350686cb1bbaa9%3C%2Fsublink%3E%3Csublink%3Ehttp%3A%2F%2Flmshows.se%2Fsb.php%3C%2Fsublink%3E",return)</action>
	</shortcut>
	<shortcut>
		<defaultID />
		<label>לוגי</label>
		<label2>Custom item</label2>
		<icon>DefaultShortcut.png</icon>
		<thumb>special://home/Graphics/icons/logi.png</thumb>
		<action>ActivateWindow(VideoLibrary,"plugin://plugin.video.Vodil/?url=PLtXcJHjzQOdOJyKUf4N_im5szCADvUbb_&amp;mode=21&amp;name=%D7%9C%D7%95%D7%92%D7%99",return)</action>
	</shortcut>
	<shortcut>
		<defaultID />
		<label>Kidsil</label>
		<label2>Custom shortcut</label2>
		<icon>DefaultShortcut.png</icon>
		<thumb>special://skin/extras/icons/octo.png</thumb>
		<action>ActivateWindow(10025,"plugin://plugin.video.KIDSIL",return)</action>
	</shortcut>
	<shortcut>
		<defaultID />
		<label>הופ</label>
		<label2>Custom item</label2>
		<icon>DefaultShortcut.png</icon>
		<thumb>special://skin/extras/icons/play.png</thumb>
		<action>ActivateWindow(VideoLibrary,"plugin://plugin.video.Vodil/?url=PLeagipoZmyfmBwqCrCc8p7cE6QdLes-eL&amp;mode=22&amp;name=%D7%94%D7%95%D7%A4",return)</action>
	</shortcut>
	<shortcut>
		<defaultID />
		<label>לולי</label>
		<label2>Custom item</label2>
		<icon>DefaultShortcut.png</icon>
		<thumb>special://skin/extras/icons/genre.png</thumb>
		<action>ActivateWindow(VideoLibrary,"plugin://plugin.video.Vodil/?url=PLqcNVz8UuCsLhpzTjL0JGj3YuMyWWd5Ug&amp;mode=24&amp;name=%D7%9C%D7%95%D7%9C%D7%99",return)</action>
	</shortcut>
	<shortcut>
		<defaultID />
		<label>בייבי</label>
		<label2>Custom item</label2>
		<icon>DefaultShortcut.png</icon>
		<thumb>special://skin/extras/icons/ouya.png</thumb>
		<action>ActivateWindow(VideoLibrary,"plugin://plugin.video.Vodil/?url=PLsFmiuNwu758huWLmxTM4NCln7tbqJDPn&amp;mode=25&amp;name=%D7%91%D7%99%D7%99%D7%91%D7%99",return)</action>
	</shortcut>
	<shortcut>
		<defaultID />
		<label>סרטי ילדים</label>
		<label2>Custom item</label2>
		<icon>DefaultShortcut.png</icon>
		<thumb>special://skin/extras/icons/play2.png</thumb>
		<action>ActivateWindow(VideoLibrary,"plugin://plugin.video.featherence.kids/?url=None&amp;mode=105&amp;name=%D7%A1%D7%A8%D7%98%D7%99%D7%9D+%D7%9C%D7%99%D7%9C%D7%93%D7%99%D7%9D&amp;iconimage=%2FUsers%2Faviabeksis%2FLibrary%2FApplication+Support%2FKodi%2Faddons%2Fscript.featherence.service%2Fresources%2Ficons%2Fmovies.png&amp;desc=%D7%A6%D7%A4%D7%94+%D7%91%D7%9E%D7%92%D7%95%D7%95%D7%9F+%D7%A2%D7%A6%D7%95%D7%9D+%D7%A9%D7%9C+%D7%A1%D7%A8%D7%98%D7%99%D7%9D+%D7%9C%D7%99%D7%9C%D7%93%D7%99%D7%9D.&amp;num=1&amp;viewtype=1&amp;fanart=http://4.bp.blogspot.com/-Af2HcIQzlg8/UhwQ8lKPucI/AAAAAAAACIA/d7aY4RrxUfk/s1600/bambi-friends-disney-animated-movie-photo.jpg",return)</action>
	</shortcut>
</shortcuts>
