<?xml version='1.0' encoding='UTF-8'?>
<shortcuts>
	<shortcut>
		<defaultID />
		<label>חיפוש - Exodus</label>
		<label2>Custom item</label2>
		<icon>DefaultShortcut.png</icon>
		<thumb>special://skin/extras/icons/Exodus.png</thumb>
		<action>ActivateWindow(Videos,"plugin://plugin.video.exodus/?action=searchNavigator",return)</action>
	</shortcut>
	<shortcut>
		<defaultID />
		<label>חיפוש - Zen</label>
		<label2>Custom item</label2>
		<icon>DefaultShortcut.png</icon>
		<thumb>special://skin/extras/icons/zen.png</thumb>
		<action>ActivateWindow(Videos,"plugin://plugin.video.zen/?action=searchNavigator",return)</action>
	</shortcut>
	<shortcut>
		<defaultID />
		<label>חיפוש - Specto</label>
		<label2>Custom item</label2>
		<icon>DefaultShortcut.png</icon>
		<thumb>special://skin/extras/icons/Genesis_Specto.png</thumb>
		<action>ActivateWindow(Videos,"plugin://plugin.video.specto/?action=searchNavigator",return)</action>
	</shortcut>
	<shortcut>
		<defaultID />
		<label>חיפוש - Bubbles</label>
		<label2>Custom item</label2>
		<icon>DefaultShortcut.png</icon>
		<thumb>special://skin/extras/icons/Bubbles.png</thumb>
		<action>ActivateWindow(Videos,"plugin://plugin.video.bubbles/?action=searchNavigator",return)</action>
	</shortcut>
</shortcuts>
