<?xml version='1.0' encoding='UTF-8'?>
<shortcuts>
	<shortcut>
		<defaultID>disc</defaultID>
		<label>427</label>
		<label2>Common Shortcut</label2>
		<icon>special://skin/extras/icons/dvd.png</icon>
		<thumb />
		<action>PlayDisc</action>
		<visible>System.HasMediaDVD</visible>
	</shortcut>
	<shortcut>
		<defaultID>search</defaultID>
		<label>$SKIN[31001|skin.estuary.abeksis-mod|חיפוש...]</label>
		<label2>Common Shortcut</label2>
		<icon>special://skin/extras/icons/search.png</icon>
		<thumb />
		<action>ActivateWindow(1107)</action>
		<visible>Skin.HasSetting(horizontaladvanced_menu)</visible>
	</shortcut>
	<shortcut>
		<defaultID>movie</defaultID>
		<label>342</label>
		<label2>Common Shortcut</label2>
		<icon>special://skin/extras/icons/movie.png</icon>
		<thumb>special://skin/extras/icons/newzise/video.png</thumb>
		<action>ActivateWindow(Videos,MovieTitles,return)</action>
	</shortcut>
	<shortcut>
		<defaultID>tvshow</defaultID>
		<label>20343</label>
		<label2>Common Shortcut</label2>
		<icon>special://skin/extras/icons/tv.png</icon>
		<thumb>special://skin/extras/icons/newzise/tvshow.png</thumb>
		<action>ActivateWindow(Videos,TvShowTitles,return)</action>
	</shortcut>
	<shortcut>
		<defaultID />
		<label>הרחבות סרטים/סדרות</label>
		<label2>Custom item</label2>
		<icon>DefaultShortcut.png</icon>
		<thumb>special://skin/extras/icons/addons.png</thumb>
		<action>ActivateWindow(1116)</action>
	</shortcut>
	<shortcut>
		<defaultID />
		<label>Vod</label>
		<label2>Custom item</label2>
		<icon>DefaultShortcut.png</icon>
		<thumb>special://skin/extras/icons/newzise/israelvod.png</thumb>
		<action>ActivateWindow(1117)</action>
	</shortcut>
	<shortcut>
		<defaultID />
		<label>ילדים</label>
		<label2>Custom item</label2>
		<icon>DefaultShortcut.png</icon>
		<thumb>special://skin/extras/icons/newzise/kids.png</thumb>
		<action>ActivateWindow(1118)</action>
	</shortcut>
	<shortcut>
		<defaultID />
		<label>טלוויזיה</label>
		<label2>Custom item</label2>
		<icon>DefaultShortcut.png</icon>
		<thumb>special://skin/extras/icons/newzise/israeltv.png</thumb>
		<action>ActivateWindow(1121)</action>
	</shortcut>
	<shortcut>
		<defaultID />
		<label>ספורט</label>
		<label2>Custom item</label2>
		<icon>DefaultShortcut.png</icon>
		<thumb>special://skin/extras/icons/soccer.png</thumb>
		<action>ActivateWindow(1119)</action>
	</shortcut>
	<shortcut>
		<defaultID />
		<label>מדע וטבע</label>
		<label2>Custom item</label2>
		<icon>DefaultShortcut.png</icon>
		<thumb>special://skin/extras/icons/flask.png</thumb>
		<action>ActivateWindow(1120)</action>
	</shortcut>
	<shortcut>
		<defaultID />
		<label>מוזיקה</label>
		<label2>Custom item</label2>
		<icon>DefaultShortcut.png</icon>
		<thumb>special://skin/extras/icons/newzise/music.png</thumb>
		<action>ActivateWindow(1123)</action>
	</shortcut>
	<shortcut>
		<defaultID>1037</defaultID>
		<label>1037</label>
		<label2>item</label2>
		<icon>DefaultAddonVideo.png</icon>
		<thumb />
		<action>ActivateWindow(Videos,addons://sources/video/,return)</action>
	</shortcut>
	<shortcut>
		<defaultID>weather</defaultID>
		<label>8</label>
		<label2>Common Shortcut</label2>
		<icon>special://skin/extras/icons/sun.png</icon>
		<thumb />
		<action>ReplaceWindow(servicesettings,weather)</action>
		<visible>String.IsEmpty(Weather.Plugin)</visible>
	</shortcut>
	<shortcut>
		<defaultID>favourite</defaultID>
		<label>1036</label>
		<label2>Common Shortcut</label2>
		<icon>special://skin/extras/icons/favourite.png</icon>
		<thumb />
		<action>ActivateWindow(favourites)</action>
		<visible>Skin.HasSetting(horizontaladvanced_menu)</visible>
	</shortcut>
	<shortcut>
		<defaultID>filemanager</defaultID>
		<label>7</label>
		<label2>Common Shortcut</label2>
		<icon>special://skin/extras/icons/filemanager.png</icon>
		<thumb />
		<action>ActivateWindow(filemanager)</action>
		<visible>Skin.HasSetting(horizontaladvanced_menu)</visible>
	</shortcut>
	<shortcut>
		<defaultID>libreelec</defaultID>
		<label>LibreELEC</label>
		<label2>Common Shortcut</label2>
		<icon>special://skin/extras/icons/libreelec.png</icon>
		<thumb />
		<action>RunAddon(service.libreelec.settings)</action>
		<visible>System.HasAddon(service.libreelec.settings)</visible>
	</shortcut>
	<shortcut>
		<defaultID>openelec</defaultID>
		<label>OpenELEC</label>
		<label2>Common Shortcut</label2>
		<icon>special://skin/extras/icons/openelec.png</icon>
		<thumb />
		<action>RunAddon(service.openelec.settings)</action>
		<visible>System.HasAddon(service.openelec.settings)</visible>
	</shortcut>
	<shortcut>
		<defaultID>setting</defaultID>
		<label>5</label>
		<label2>Common Shortcut</label2>
		<icon>special://skin/extras/icons/settings.png</icon>
		<thumb />
		<action>ActivateWindow(settings)</action>
		<visible>Skin.HasSetting(horizontaladvanced_menu)</visible>
	</shortcut>
	<shortcut>
		<defaultID>power</defaultID>
		<label>33060</label>
		<label2>Common Shortcut</label2>
		<icon>special://skin/extras/icons/power.png</icon>
		<thumb />
		<action>ActivateWindow(shutdownmenu)</action>
		<visible>Skin.HasSetting(horizontaladvanced_menu)</visible>
	</shortcut>
</shortcuts>
