<?xml version='1.0' encoding='UTF-8'?>
<shortcuts>
	<shortcut>
		<defaultID />
		<label>ישראל TV</label>
		<label2>Custom item</label2>
		<icon>DefaultShortcut.png</icon>
		<thumb>special://skin/extras/icons/livetv2.png</thumb>
		<action>ActivateWindow(1122)</action>
	</shortcut>
	<shortcut>
		<defaultID />
		<label>ערוצי טלוויזיה - iSraelive</label>
		<label2>Custom item</label2>
		<icon>DefaultShortcut.png</icon>
		<thumb>special://skin/extras/icons/livetv.png</thumb>
		<action>ActivateWindow(Videos,"plugin://plugin.video.israelive",return)</action>
	</shortcut>
	<shortcut>
		<defaultID />
		<label>ערוצי טלוויזיה מהעולם</label>
		<label2>Custom item</label2>
		<icon>DefaultShortcut.png</icon>
		<thumb>special://skin/extras/icons/livetv.png</thumb>
		<action>ActivateWindow(10025,"plugin://plugin.video.israelive/?channelid=10556",return)‎</action>
	</shortcut>
	<shortcut>
		<defaultID />
		<label>ערוצי טלוויזיה - לקוח PVR</label>
		<label2>Custom item</label2>
		<icon>DefaultShortcut.png</icon>
		<thumb>special://skin/extras/icons/tv.png</thumb>
		<action>ActivateWindow(TVChannels)</action>
	</shortcut>
</shortcuts>
