<?xml version='1.0' encoding='UTF-8'?>
<shortcuts>
	<shortcut>
		<defaultID />
		<label>הרחבת רדיו - iSraelive</label>
		<label2>Custom item</label2>
		<icon>DefaultShortcut.png</icon>
		<thumb>special://skin/extras/icons/controlpanel.png</thumb>
		<action>ActivateWindow(Videos,"plugin://plugin.video.israelive/?channelid=10000",return)</action>
	</shortcut>
	<shortcut>
		<defaultID />
		<label>כאן - נוסטלגי</label>
		<label2>Custom item</label2>
		<icon>DefaultShortcut.png</icon>
		<thumb>special://skin/extras/icons/can.png</thumb>
		<action>RunScript(special://userdata/addon_data/script.skinshortcuts/play.py,http://abeksis.com/Nostalgic)</action>
	</shortcut>
	<shortcut>
		<defaultID />
		<label>כאן - להיטים</label>
		<label2>Custom item</label2>
		<icon>DefaultShortcut.png</icon>
		<thumb>special://skin/extras/icons/can.png</thumb>
		<action>RunScript(special://userdata/addon_data/script.skinshortcuts/play.py,http://abeksis.com/Here-Hits)</action>
	</shortcut>
	<shortcut>
		<defaultID />
		<label>ים תיכוני</label>
		<label2>Custom item</label2>
		<icon>DefaultShortcut.png</icon>
		<thumb>special://skin/extras/icons/can.png</thumb>
		<action>RunScript(special://userdata/addon_data/script.skinshortcuts/play.py,http://abeksis.com/IPBCOriental)</action>
	</shortcut>
	<shortcut>
		<defaultID />
		<label>שיא הרגש</label>
		<label2>Custom item</label2>
		<icon>DefaultShortcut.png</icon>
		<thumb>special://skin/extras/icons/can.png</thumb>
		<action>RunScript(special://userdata/addon_data/script.skinshortcuts/play.py,http://abeksis.com/IPBCRegesh)</action>
	</shortcut>
	<shortcut>
		<defaultID />
		<label>קצת אחרת</label>
		<label2>Custom item</label2>
		<icon>DefaultShortcut.png</icon>
		<thumb>special://skin/extras/icons/can.png</thumb>
		<action>RunScript(special://userdata/addon_data/script.skinshortcuts/play.py,http://abeksis.com/IPBCAlternative)</action>
	</shortcut>
	<shortcut>
		<defaultID />
		<label>80-90</label>
		<label2>Custom item</label2>
		<icon>DefaultShortcut.png</icon>
		<thumb>special://skin/extras/icons/can.png</thumb>
		<action>RunScript(special://userdata/addon_data/script.skinshortcuts/play.py,http://abeksis.com/IPBC80-90)</action>
	</shortcut>
	<shortcut>
		<defaultID />
		<label>קלאסי</label>
		<label2>Custom item</label2>
		<icon>DefaultShortcut.png</icon>
		<thumb>special://skin/extras/icons/can.png</thumb>
		<action>RunScript(special://userdata/addon_data/script.skinshortcuts/play.py,http://abeksis.com/IPBCClassic)</action>
	</shortcut>
	<shortcut>
		<defaultID />
		<label>רדיו עולמי</label>
		<label2>Custom item</label2>
		<icon>DefaultShortcut.png</icon>
		<thumb>special://skin/extras/icons/controlpanel.png</thumb>
		<action>ActivateWindow(Music,"plugin://plugin.music.McflyWorldRadio",return)</action>
	</shortcut>
</shortcuts>
