<artdetails>
	<status>Returning Series</status>
	<plot>Ron Howard and five other visionary directors point their cameras at the invisible heroes behind today's cutting-edge breakthroughs. A revolutionary new series about scientific explorers and the cutting-edge innovations and advancements that reveal the world of tomorrow... today.</plot>
	<tmdb_type>tv</tmdb_type>
	<thumb>http://image.tmdb.org/t/p/original/xSQm1alW0G9ojedKifvXSEHCFV6.jpg</thumb>
	<title>Breakthrough</title>
	<fanart>http://image.tmdb.org/t/p/original/xSQm1alW0G9ojedKifvXSEHCFV6.jpg</fanart>
	<poster>http://image.tmdb.org/t/p/original/9jumEd0rsBp95wYULdjEN71GvP8.jpg</poster>
	<tvdb_id>None</tvdb_id>
	<tmdb_title>Breakthrough</tmdb_title>
	<date_scraped>2017-02-02 10:13:02.339658</date_scraped>
	<studio>Imagine Entertainment / Asylum Entertainment</studio>
	<genre>אחר / לא ידוע</genre>
	<path>pvr://channels/tv/כל הערוצים/</path>
	<homepage>http://channel.nationalgeographic.com/breakthrough-series/</homepage>
	<channel>Nat. Geo. AD</channel>
</artdetails>
