<artdetails>
	<status>Returning Series</status>
	<rating>5.0</rating>
	<tmdb_type>tv</tmdb_type>
	<thumb>http://image.tmdb.org/t/p/original/4EtBc6FMbFJyXSLEb6knrh4wAD1.jpg</thumb>
	<plot>The property show that helps prospective buyers find their dream home in the country.</plot>
	<fanart>http://image.tmdb.org/t/p/original/4EtBc6FMbFJyXSLEb6knrh4wAD1.jpg</fanart>
	<poster>http://image.tmdb.org/t/p/original/lBqZ5fvcJUCuuaBkMIC74iQYFgB.jpg</poster>
	<tvdb_id>91171</tvdb_id>
	<tmdb_title>Escape to the Country</tmdb_title>
	<date_scraped>2017-02-15 17:23:02.057618</date_scraped>
	<studio>BBC One / BBC Two</studio>
	<path>pvr://channels/tv/כל הערוצים/</path>
	<genre>אחר / לא ידוע</genre>
	<title>Escape to the Country</title>
	<homepage>http://www.bbc.co.uk/programmes/b006vb2f</homepage>
	<channel>BBC 1 Scotland</channel>
	<channellogo>http://static.filmon.com/couch/channels/3166/extra_big_logo.png</channellogo>
</artdetails>
