<artdetails>
	<status>Released</status>
	<rating>6.5</rating>
	<tmdb_type>movie</tmdb_type>
	<thumb>http://image.tmdb.org/t/p/original/qTMqNwEvZ38FaCP1OpcRmkk3KOd.jpg</thumb>
	<plot>הסרט מתרחש במתחם של דיור מוגן בבוינטון ביץ', פלורידה. לואס, הארי, מרלין, סאנדי וג'ק מכירים בקבוצת תמיכה לאנשים שהתאלמנו. אם הם חשבו שלא יזכו שוב ברומנטיקה ואהבה, נכונה להם הפתעה. הם אמנם מבוגרים, ורוב חייהם עברו עליהם, אך הם לא מתכוונים לשבת כזקנים בחיבוק ידיים ולהפסיק ליהנות מהחיים.</plot>
	<fanart>http://image.tmdb.org/t/p/original/qTMqNwEvZ38FaCP1OpcRmkk3KOd.jpg</fanart>
	<poster>http://image.tmdb.org/t/p/original/k504rfwJAb95MkeBdXjWbiWVNzA.jpg</poster>
	<title>חדשות</title>
	<imdb_id>tt0439478</imdb_id>
	<tmdb_title>התחלות חדשות</tmdb_title>
	<date_scraped>2016-06-01 19:43:05.331685</date_scraped>
	<genre>אחר / לא ידוע</genre>
	<path>pvr://channels/tv/כל הערוצים/</path>
	<channel>ערוץ 22  [B][COLOR lime] ישראל - [/COLOR][/B]</channel>
	<channellogo>http://anarchitv.co/TV/Logos/2.png</channellogo>
</artdetails>
