<advancedsettings>
	<cache>
        <buffermode>1</buffermode>
        <readfactor>10</readfactor>
        <memorysize>157286400</memorysize>
	</cache>
    <imageres>720</imageres>
    <fanartres>1080</fanartres>
    <packagefoldersize>200</packagefoldersize>	
	<video>
		<timeseekforward>15</timeseekforward> <!-- Skip back time 15 s -->
		<timeseekbackward>-15</timeseekbackward> <!-- Skip forward time 15 s -->
		<playcountminimumpercent>95</playcountminimumpercent>
		<subsdelayrange>240</subsdelayrange> <!-- Subtitle offset adjustment range -->
	</video>
	<videoscanner>
		<ignoreerrors>true</ignoreerrors>
	</videoscanner>
</advancedsettings>