<?xml version='1.0' encoding='UTF-8'?>
<shortcuts>
	<shortcut>
		<defaultID>x1101</defaultID>
		<label>20342</label>
		<label2>Hub 1101</label2>
		<icon>special://skin/extras/icons/film.png</icon>
		<thumb>special://home/Graphics/icons/ClassicWhite Design/film1.png</thumb>
		<action>ActivateWindow(1101)</action>
	</shortcut>
	<shortcut>
		<defaultID>x1102</defaultID>
		<label>20343</label>
		<label2>Hub 1102</label2>
		<icon>special://skin/extras/icons/tv.png</icon>
		<thumb>special://home/Graphics/icons/ClassicWhite Design/tvshows1.png</thumb>
		<action>ActivateWindow(1102)</action>
	</shortcut>
	<shortcut>
		<defaultID>settings</defaultID>
		<label>10004</label>
		<label2>Common Shortcut</label2>
		<icon>special://skin/extras/icons/settings.png</icon>
		<thumb>special://home/Graphics/icons/ClassicWhite Design/settings1.png</thumb>
		<action>ActivateWindow(Settings)</action>
	</shortcut>
	<shortcut>
		<defaultID />
		<label>מועדפים</label>
		<label2>Custom item</label2>
		<icon>DefaultShortcut.png</icon>
		<thumb>special://home/Graphics/icons/ClassicWhite Design/favorites1.png</thumb>
		<action>ActivateWindow(Favourites)</action>
	</shortcut>
	<shortcut>
		<defaultID>1037</defaultID>
		<label>1037</label>
		<label2>item</label2>
		<icon>special://skin/extras/icons/video-addons.png</icon>
		<thumb>special://home/Graphics/icons/ClassicWhite Design/video1.png</thumb>
		<action>ActivateWindow(Videos,addons://sources/video/,return)</action>
	</shortcut>
	<shortcut>
		<defaultID />
		<label>פרימיום</label>
		<label2>Custom item</label2>
		<icon>DefaultShortcut.png</icon>
		<thumb>special://home/Graphics/icons/ClassicWhite Design/premium1.png</thumb>
		<action>ActivateWindow(1109)</action>
	</shortcut>
	<shortcut>
		<defaultID />
		<label>ילדים</label>
		<label2>Custom shortcut</label2>
		<icon>DefaultShortcut.png</icon>
		<thumb>special://home/Graphics/icons/ClassicWhite Design/kids1.png</thumb>
		<action>ActivateWindow(1107)</action>
	</shortcut>
	<shortcut>
		<defaultID />
		<label>טלוויזיה</label>
		<label2>Custom item</label2>
		<icon>DefaultShortcut.png</icon>
		<thumb>special://home/Graphics/icons/ClassicWhite Design/livetv1.png</thumb>
		<action>ActivateWindow(1116)</action>
	</shortcut>
	<shortcut>
		<defaultID>pictures</defaultID>
		<label>ישראלי Vod</label>
		<label2>Custom shortcut</label2>
		<icon>special://skin/extras/icons/pictures.png</icon>
		<thumb>special://home/Graphics/icons/ClassicWhite Design/vodil1.png</thumb>
		<action>ActivateWindow(1103)</action>
	</shortcut>
	<shortcut>
		<defaultID>music</defaultID>
		<label>2</label>
		<label2>Custom shortcut</label2>
		<icon>special://skin/extras/icons/songs.png</icon>
		<thumb>special://home/Graphics/icons/ClassicWhite Design/music1.png</thumb>
		<action>ActivateWindow(1106)</action>
	</shortcut>
	<shortcut>
		<defaultID>power</defaultID>
		<label>33060</label>
		<label2>Common Shortcut</label2>
		<icon>special://skin/extras/icons/power.png</icon>
		<thumb>special://home/Graphics/icons/ClassicWhite Design/power1.png</thumb>
		<action>ActivateWindow(shutdownmenu)</action>
	</shortcut>
</shortcuts>
