<shortcuts>
	<shortcut>
		<label>20386</label>
		<label2>Common Shortcut</label2>
		<icon>special://skin/extras/icons/recentlyadded.png</icon>
		<action>ActivateWindow(Videos,videodb://recentlyaddedmovies/,return)</action>
	</shortcut>
	<shortcut>
		<label>20434</label>
		<label2>Common Shortcut</label2>
		<icon>special://skin/extras/icons/sets.png</icon>
		<action>ActivateWindow(Videos,videodb://movies/sets/,return)</action>
	</shortcut>
	<shortcut>
		<label>652</label>
		<label2>Common Shortcut</label2>
		<icon>special://skin/extras/icons/years.png</icon>
		<action>ActivateWindow(Videos,videodb://movies/years/,return)</action>
	</shortcut>
	<shortcut>
		<label>135</label>
		<label2>Common Shortcut</label2>
		<icon>special://skin/extras/icons/genres.png</icon>
		<action>ActivateWindow(Videos,videodb://movies/genres/,return)</action>
	</shortcut>
	<shortcut>
		<label>344</label>
		<label2>Common Shortcut</label2>
		<icon>special://skin/extras/icons/actor.png</icon>
		<action>ActivateWindow(Videos,videodb://movies/actors/,return)</action>
	</shortcut>
	<shortcut>
		<label>20459</label>
		<label2>Common Shortcut</label2>
		<icon>special://skin/extras/icons/tags.png</icon>
		<action>ActivateWindow(Videos,videodb://movies/tags/,return)</action>
	</shortcut>
	<shortcut>
		<label>20314</label>
		<label2>Common Shortcut</label2>
		<icon>special://skin/extras/icons/media.png</icon>
		<action>ActivateWindow(videos,library://video/movies/,return)</action>
	</shortcut>
	<shortcut>
		<label>$VAR[VideoLibraryScanLabel]</label>
		<label2>Common Shortcut</label2>
		<icon>$VAR[VideoLibraryScanIcon]</icon>
		<action>UpdateLibrary(video)</action>
	</shortcut>
</shortcuts>
