<?xml version='1.0' encoding='UTF-8'?>
<shortcuts>
	<shortcut>
		<defaultID />
		<label>חיפוש - ערוץ 10</label>
		<label2>Custom item</label2>
		<icon>DefaultShortcut.png</icon>
		<thumb>special://skin/extras/icons/channel10.png</thumb>
		<action>ActivateWindow(Videos,"plugin://plugin.video.ilten",return)</action>
	</shortcut>
	<shortcut>
		<defaultID />
		<label>TheWeb - מאקו רשת</label>
		<label2>Custom item</label2>
		<icon>DefaultShortcut.png</icon>
		<thumb>special://skin/extras/icons/makotheweb.png</thumb>
		<action>ActivateWindow(Videos,"plugin://plugin.video.MakoTV/?url=http%3A%2F%2Fwww.mako.co.il%2Fautocomplete%2FvodAutocompletion.ashx%3Fquery%3D%7B0%7D%26max%3D60%26id%3Dquery&amp;mode=5&amp;name=%D7%97%D7%99%D7%A4%D7%95%D7%A9&amp;iconimage=https://encrypted-tbn1.gstatic.com/images?q=tbn:ANd9GcQlAUVuxDFwhHYzmwfhcUEBgQXkkWi5XnM4ZyKxGecol952w-Rp",return)</action>
	</shortcut>
	<shortcut>
		<defaultID />
		<label>חיפוש - Web 10</label>
		<label2>Custom item</label2>
		<icon>DefaultShortcut.png</icon>
		<thumb>special://skin/extras/icons/channel10.png</thumb>
		<action>ActivateWindow(Videos,"plugin://plugin.video.tenil",return)</action>
	</shortcut>
	<shortcut>
		<defaultID />
		<label>Sdarot.TV</label>
		<label2>Custom item</label2>
		<icon>DefaultShortcut.png</icon>
		<thumb>special://skin/extras/icons/sdarot.png</thumb>
		<action>ActivateWindow(Videos,"plugin://plugin.video.sdarot.tv",return)</action>
	</shortcut>
</shortcuts>
