<?xml version='1.0' encoding='UTF-8'?>
<shortcuts>
	<shortcut>
		<defaultID />
		<label>כושר גופני</label>
		<label2>Custom item</label2>
		<icon>DefaultShortcut.png</icon>
		<thumb>special://skin/extras/icons/Fitness.png</thumb>
		<action>ActivateWindow(VideoLibrary,"plugin://plugin.video.youtube/user/FitnessBlender/",return)</action>
	</shortcut>
	<shortcut>
		<defaultID />
		<label>ESPN</label>
		<label2>Custom item</label2>
		<icon>DefaultShortcut.png</icon>
		<thumb>special://skin/extras/icons/espn.png</thumb>
		<action>RunScript(special://userdata/addon_data/script.skinshortcuts/play.py,http://abeksis.com/ESPN-Channel)</action>
	</shortcut>
	<shortcut>
		<defaultID />
		<label>גולף איכות HD</label>
		<label2>Custom item</label2>
		<icon>DefaultShortcut.png</icon>
		<thumb>special://skin/extras/icons/golf.png</thumb>
		<action>PlayMedia("plugin://plugin.video.phstreams/?action=play&amp;url=http%3A%2F%2Ftvegolf-i.Akamaihd.net%2Fhls%2Flive%2F218225%2Fgolfx%2F4296k%2Fprog.m3u8%7CX-Forwarded-For%3D209.239.112.104",return)</action>
	</shortcut>
	<shortcut>
		<defaultID />
		<label>פוקר</label>
		<label2>Custom item</label2>
		<icon>DefaultShortcut.png</icon>
		<thumb>special://skin/extras/icons/card.png</thumb>
		<action>RunScript(special://userdata/addon_data/script.skinshortcuts/play.py,http://abeksis.com/Poker)</action>
	</shortcut>
	<shortcut>
		<defaultID />
		<label>Eurosport 1</label>
		<label2>Custom item</label2>
		<icon>DefaultShortcut.png</icon>
		<thumb>special://skin/extras/icons/eurosport.png</thumb>
		<action>RunScript(special://userdata/addon_data/script.skinshortcuts/play.py,http://abeksis.com/Eurosport01)</action>
	</shortcut>
	<shortcut>
		<defaultID />
		<label>Eurosport 2</label>
		<label2>Custom item</label2>
		<icon>DefaultShortcut.png</icon>
		<thumb>special://skin/extras/icons/eurosport.png</thumb>
		<action>RunScript(special://userdata/addon_data/script.skinshortcuts/play.py,http://abeksis.com/Eurosport02)</action>
	</shortcut>
	<shortcut>
		<defaultID />
		<label>The Grand Tour</label>
		<label2>Custom item</label2>
		<icon>DefaultShortcut.png</icon>
		<thumb>special://skin/extras/icons/the-grand-tour.png</thumb>
		<action>ActivateWindow(10025,"plugin://plugin.video.zen/?action=seasons&amp;imdb=tt5712554&amp;tmdb=67557&amp;tvdb=314087&amp;tvshowtitle=The%20Grand%20Tour&amp;year=2016",return)</action>
	</shortcut>
	<shortcut>
		<defaultID />
		<label>UFC</label>
		<label2>Custom item</label2>
		<icon>DefaultShortcut.png</icon>
		<thumb>special://skin/extras/icons/ufc.png</thumb>
		<action>RunScript(special://userdata/addon_data/script.skinshortcuts/play.py,http://abeksis.com/UFC)</action>
	</shortcut>
	<shortcut>
		<defaultID />
		<label>היאבקות</label>
		<label2>Custom item</label2>
		<icon>DefaultShortcut.png</icon>
		<thumb>special://skin/extras/icons/wwe.png</thumb>
		<action>ActivateWindow(VideoLibrary,"plugin://plugin.video.all_wrestling",return)</action>
	</shortcut>
	<shortcut>
		<defaultID />
		<label>NBA LIVE</label>
		<label2>Custom item</label2>
		<icon>DefaultShortcut.png</icon>
		<thumb>special://skin/extras/icons/nba.png</thumb>
		<action>RunScript(special://userdata/addon_data/script.skinshortcuts/play.py,http://abeksis.com/NBA)</action>
	</shortcut>
	<shortcut>
		<defaultID />
		<label>ערוץ הטלוויזיה של ריאל מדריד</label>
		<label2>Custom shortcut</label2>
		<icon>DefaultShortcut.png</icon>
		<thumb>special://skin/extras/icons/soccer.png</thumb>
		<action>RunScript(special://userdata/addon_data/script.skinshortcuts/play.py,http://abeksis.com/Real-Madrid)</action>
	</shortcut>
	<shortcut>
		<defaultID />
		<label>סנוקר</label>
		<label2>Custom item</label2>
		<icon>DefaultShortcut.png</icon>
		<thumb>special://skin/extras/icons/snoker.png</thumb>
		<action>ActivateWindow(VideoLibrary,"plugin://plugin.video.snooker",return)</action>
	</shortcut>
	<shortcut>
		<defaultID />
		<label>איגרוף</label>
		<label2>Custom item</label2>
		<icon>DefaultShortcut.png</icon>
		<thumb>special://skin/extras/icons/Boxing2.png</thumb>
		<action>RunScript(special://userdata/addon_data/script.skinshortcuts/play.py,http://abeksis.com/Boxing)</action>
	</shortcut>
</shortcuts>
