<?xml version='1.0' encoding='UTF-8'?>
<shortcuts>
	<shortcut>
		<defaultID />
		<label>Exodus</label>
		<label2>Custom item</label2>
		<icon>DefaultShortcut.png</icon>
		<thumb>special://skin/extras/icons/Exodus.png</thumb>
		<action>ActivateWindow(Videos,"plugin://plugin.video.exodus",return)</action>
	</shortcut>
	<shortcut>
		<defaultID />
		<label>Specto</label>
		<label2>Custom item</label2>
		<icon>DefaultShortcut.png</icon>
		<thumb>special://skin/extras/icons/Genesis_Specto.png</thumb>
		<action>ActivateWindow(Videos,"plugin://plugin.video.specto",return)</action>
	</shortcut>
	<shortcut>
		<defaultID />
		<label>Zen</label>
		<label2>Custom item</label2>
		<icon>DefaultShortcut.png</icon>
		<thumb>special://skin/extras/icons/zen.png</thumb>
		<action>ActivateWindow(Videos,"plugin://plugin.video.zen",return)</action>
	</shortcut>
	<shortcut>
		<defaultID />
		<label>Bubbles</label>
		<label2>Custom item</label2>
		<icon>DefaultShortcut.png</icon>
		<thumb>special://skin/extras/icons/Bubbles.png</thumb>
		<action>ActivateWindow(Videos,"plugin://plugin.video.bubbles",return)</action>
	</shortcut>
	<shortcut>
		<defaultID />
		<label>BoB</label>
		<label2>Custom item</label2>
		<icon>DefaultShortcut.png</icon>
		<thumb>special://skin/extras/icons/Bob.png</thumb>
		<action>noop</action>
	</shortcut>
</shortcuts>
