<artdetails>
	<status>Ended</status>
	<rating>6.8</rating>
	<tmdb_type>tv</tmdb_type>
	<thumb>http://assets.fanart.tv/fanart/tv/71635/tvthumb/hogans-heroes-4f040ebc58f41.jpg</thumb>
	<plot>Hogan's Heroes is an American television sitcom that ran for 168 episodes from September 17, 1965, to July 4, 1971, on the CBS network. The show was set in a German prisoner of war camp during World War II. Bob Crane starred as Colonel Robert E. Hogan, coordinating an international crew of Allied prisoners running a Special Operations group from the camp. Werner Klemperer played Colonel Wilhelm Klink, the commandant of the camp, and John Banner was the inept sergeant-of-the-guard, Hans Schultz.

The series was popular during its six-season run. In 2013, creators Bernard Fein through his estate and Albert S. Ruddy acquired the sequel and other separate rights to Hogan's Heroes from Mark Cuban through arbitration and a movie based on the show has been planned.</plot>
	<fanart>http://image.tmdb.org/t/p/original/a97r87bua1GpyniS90OL8tPUe12.jpg</fanart>
	<poster>http://image.tmdb.org/t/p/original/AkwbrlycZPQ97NtS8EIDyakL0my.jpg</poster>
	<tvdb_id>71635</tvdb_id>
	<clearlogo>http://assets.fanart.tv/fanart/tv/71635/clearlogo/hogansheroes-71635.png</clearlogo>
	<tmdb_title>Hogan's Heroes</tmdb_title>
	<date_scraped>2017-02-15 17:24:09.056763</date_scraped>
	<studio>CBS</studio>
	<channel>ITV4 +1</channel>
	<path>pvr://channels/tv/כל הערוצים/</path>
	<genre>אחר / לא ידוע</genre>
	<title>Hogan's Heroes</title>
	<landscape>http://assets.fanart.tv/fanart/tv/71635/tvthumb/hogans-heroes-4f040ebc58f41.jpg</landscape>
	<channellogo>http://static.filmon.com/couch/channels/1826/extra_big_logo.png</channellogo>
</artdetails>
