[{"versioname":"Collateral.Beauty.2016.1080p.BluRay.6CH.ShAaNiG","id":"175795","score":0},{"versioname":"Collateral.Beauty.2016.1080p.BluRay.H264.AAC-RARBG","id":"175626","score":0},{"versioname":"Collateral.Beauty.2016.1080p.BluRay.x264-GECKOS","id":"175517","score":0},{"versioname":"Collateral.Beauty.2016.720p.BluRay.H264.AAC-RARBG","id":"176311","score":0},{"versioname":"Collateral.Beauty.2016.720p.BluRay.HEVC.x265-RMTeam","id":"175946","score":0},{"versioname":"Collateral.Beauty.2016.720p.BluRay.x264-GECKOS","id":"175588","score":0},{"versioname":"Collateral.Beauty.2016.720p.BluRay.x264.ShAaNiG","id":"175876","score":0},{"versioname":"Collateral.Beauty.2016.720p.BRRip.x264-MkvCage","id":"175889","score":0},{"versioname":"Collateral.Beauty.2016.720p.BRRip.x264.AAC-ETRG","id":"176157","score":0},{"versioname":"Collateral.Beauty.2016.720p.BRRip.X264.AC3-EVO","id":"175767","score":0},{"versioname":"Collateral.Beauty.2016.BDRip.x264-GECKOS","id":"176032","score":0},{"versioname":"Collateral.Beauty.2016.BluRay.1080p.5.1CH.x264.Ganool","id":"175568","score":0},{"versioname":"Collateral.Beauty.2016.BluRay.720p.x264.Ganool","id":"176095","score":0},{"versioname":"Collateral.Beauty.2016.BRRip.XviD.AC3-EVO","id":"175760","score":0},{"versioname":"Collateral.Beauty.2016.BRRip.XviD.AC3-RARBG","id":"176698","score":0},{"versioname":"Collateral.Beauty.2016.BRRip.XviD.MP3-RARBG","id":"175796","score":0}]