<?xml version='1.0' encoding='UTF-8'?>
<shortcuts>
	<shortcut>
		<defaultID />
		<label>Fitness</label>
		<label2>Custom item</label2>
		<icon>DefaultShortcut.png</icon>
		<thumb>special://skin/extras/icons/Fitness.png</thumb>
		<action>ActivateWindow(VideoLibrary,"plugin://plugin.video.youtube/user/FitnessBlender/",return)</action>
	</shortcut>
	<shortcut>
		<defaultID />
		<label>ESPN</label>
		<label2>Custom item</label2>
		<icon>DefaultShortcut.png</icon>
		<thumb>special://skin/extras/icons/espn.png</thumb>
		<action>RunScript(special://userdata/addon_data/script.skinshortcuts/play.py,http://abeksis.com/ESPN-Channel)</action>
	</shortcut>
	<shortcut>
		<defaultID />
		<label>Golf HD Quality</label>
		<label2>Custom item</label2>
		<icon>DefaultShortcut.png</icon>
		<thumb>special://skin/extras/icons/golf.png</thumb>
		<action>PlayMedia("plugin://plugin.video.phstreams/?action=play&amp;url=http%3A%2F%2Ftvegolf-i.Akamaihd.net%2Fhls%2Flive%2F218225%2Fgolfx%2F4296k%2Fprog.m3u8%7CX-Forwarded-For%3D209.239.112.104",return)</action>
	</shortcut>
	<shortcut>
		<defaultID />
		<label>Poker</label>
		<label2>Custom item</label2>
		<icon>DefaultShortcut.png</icon>
		<thumb>special://skin/extras/icons/card.png</thumb>
		<action>RunScript(special://userdata/addon_data/script.skinshortcuts/play.py,http://abeksis.com/Poker)</action>
	</shortcut>
	<shortcut>
		<defaultID />
		<label>Wrestling</label>
		<label2>Custom item</label2>
		<icon>DefaultShortcut.png</icon>
		<thumb>special://skin/extras/icons/wwe.png</thumb>
		<action>ActivateWindow(VideoLibrary,"plugin://plugin.video.all_wrestling",return)</action>
	</shortcut>
	<shortcut>
		<defaultID />
		<label>UFC</label>
		<label2>Custom item</label2>
		<icon>DefaultShortcut.png</icon>
		<thumb>special://skin/extras/icons/ufc.png</thumb>
		<action>RunScript(special://userdata/addon_data/script.skinshortcuts/play.py,http://abeksis.com/UFC)</action>
	</shortcut>
	<shortcut>
		<defaultID />
		<label>Car Races</label>
		<label2>Custom item</label2>
		<icon>DefaultShortcut.png</icon>
		<thumb>special://skin/extras/icons/car.png</thumb>
		<action>ActivateWindow(10025,"plugin://plugin.video.projectm/?fanart=http%3a%2f%2fmwiz.co.uk%2fmerlinaddons%2ffanart%2ffanart.jpg&amp;mode=1&amp;name=%5bCOLOR%20aqua%5dMotors%5b%2fCOLOR%5d&amp;url=http%3a%2f%2fmwiz.co.uk%2fmerlinaddons%2ftextfiles%2fmerlinmotors.xml",return)</action>
	</shortcut>
	<shortcut>
		<defaultID />
		<label>TopGear</label>
		<label2>Custom item</label2>
		<icon>DefaultShortcut.png</icon>
		<thumb>special://skin/extras/icons/configure.png</thumb>
		<action>ActivateWindow(Videos,"plugin://plugin.video.topgear",return)</action>
	</shortcut>
	<shortcut>
		<defaultID />
		<label>NBA Basketball</label>
		<label2>Custom item</label2>
		<icon>DefaultShortcut.png</icon>
		<thumb>special://skin/extras/icons/nba.png</thumb>
		<action>ActivateWindow(VideoLibrary,"plugin://plugin.video.nbafullgames",return)</action>
	</shortcut>
	<shortcut>
		<defaultID />
		<label>Channel Real Madrid TV</label>
		<label2>Custom shortcut</label2>
		<icon>DefaultShortcut.png</icon>
		<thumb>special://skin/extras/icons/soccer.png</thumb>
		<action>RunScript(special://userdata/addon_data/script.skinshortcuts/play.py,http://abeksis.com/Real-Madrid)</action>
	</shortcut>
	<shortcut>
		<defaultID />
		<label>Snooker</label>
		<label2>Custom item</label2>
		<icon>DefaultShortcut.png</icon>
		<thumb>special://skin/extras/icons/snoker.png</thumb>
		<action>ActivateWindow(VideoLibrary,"plugin://plugin.video.snooker",return)</action>
	</shortcut>
	<shortcut>
		<defaultID />
		<label>Boxing</label>
		<label2>Custom item</label2>
		<icon>DefaultShortcut.png</icon>
		<thumb>special://skin/extras/icons/Boxing2.png</thumb>
		<action>RunScript(special://userdata/addon_data/script.skinshortcuts/play.py,http://abeksis.com/Boxing)</action>
	</shortcut>
</shortcuts>
