<?xml version='1.0' encoding='UTF-8'?>
<shortcuts>
	<shortcut>
		<defaultID />
		<label>Need help?</label>
		<label2>Custom item</label2>
		<icon>DefaultShortcut.png</icon>
		<thumb>special://skin/extras/icons/info.png</thumb>
		<action>noop</action>
	</shortcut>
	<shortcut>
		<defaultID />
		<label>Checking for updates - Abeksis Wizards</label>
		<label2>Custom item</label2>
		<icon>DefaultShortcut.png</icon>
		<thumb>special://skin/extras/icons/abeksis.png</thumb>
		<action>RunAddOn(script.AbeksisWizard)</action>
	</shortcut>
	<shortcut>
		<defaultID />
		<label>FileManager</label>
		<label2>Custom item</label2>
		<icon>DefaultShortcut.png</icon>
		<thumb>special://skin/extras/icons/files.png</thumb>
		<action>ActivateWindow(FileManager)</action>
	</shortcut>
	<shortcut>
		<defaultID />
		<label>Disable / Enable Mute</label>
		<label2>Custom item</label2>
		<icon>DefaultShortcut.png</icon>
		<thumb>special://skin/extras/icons/mute.png</thumb>
		<action>Mute</action>
	</shortcut>
	<shortcut>
		<defaultID>13009</defaultID>
		<label>Quit Kodi</label>
		<label2>פקודת Kodi</label2>
		<icon>special://skin/extras/icons/power.png</icon>
		<thumb />
		<action>Quit</action>
	</shortcut>
	<shortcut>
		<defaultID />
		<label>Reset Database - Salts</label>
		<label2>Custom item</label2>
		<icon>DefaultShortcut.png</icon>
		<thumb>special://skin/extras/icons/db.png</thumb>
		<action>RunPlugin(plugin://plugin.video.salts/?mode=reset_db)</action>
	</shortcut>
	<shortcut>
		<defaultID />
		<label>Deleting Cash - Genesis Specto</label>
		<label2>Custom item</label2>
		<icon>DefaultShortcut.png</icon>
		<thumb>special://skin/extras/icons/paintbrush.png</thumb>
		<action>ActivateWindow(VideoLibrary,"plugin://plugin.video.specto/?action=clearCache",return)</action>
	</shortcut>
	<shortcut>
		<defaultID />
		<label>Caution - Deleting kodi To Default</label>
		<label2>Custom item</label2>
		<icon>DefaultShortcut.png</icon>
		<thumb>special://skin/extras/icons/kodi.png</thumb>
		<action>ActivateWindow(Programs,"plugin://plugin.video.freshstart",return)</action>
	</shortcut>
</shortcuts>
