<?xml version='1.0' encoding='UTF-8'?>
<shortcuts>
	<shortcut>
		<defaultID />
		<label>Wildhitz</label>
		<label2>Custom item</label2>
		<icon>DefaultShortcut.png</icon>
		<thumb>special://skin/extras/icons/wildhitz.png</thumb>
		<action>ActivateWindow(10025,"plugin://plugin.video.wildhitz/?fanart=%2FUsers%2Faviabeksis%2FLibrary%2FApplication%20Support%2FKodi%2Faddons%2Fplugin.video.wildhitz%2Ffanart.jpg&amp;mode=2&amp;name=Live%20On%20Air&amp;url=http%3A%2F%2Fwildhitz.nl%2Fjw%2Fplaylist.src.rss.php%3Fplc%3D%26q%3Djw5%26autostart%3Dtrue%26repeat%3Dlist",return)</action>
	</shortcut>
	<shortcut>
		<defaultID />
		<label>SoundCloud</label>
		<label2>Custom item</label2>
		<icon>DefaultShortcut.png</icon>
		<thumb>special://skin/extras/icons/soundcloud.png</thumb>
		<action>ActivateWindow(Music,"plugin://plugin.audio.soundcloud",return)</action>
	</shortcut>
	<shortcut>
		<defaultID />
		<label>VH1</label>
		<label2>Custom item</label2>
		<icon>DefaultShortcut.png</icon>
		<thumb>special://skin/extras/icons/vh1.png</thumb>
		<action>RunScript(special://userdata/addon_data/script.skinshortcuts/play.py,http://abeksis.com/Vh1)</action>
	</shortcut>
	<shortcut>
		<defaultID />
		<label>MTV Hits</label>
		<label2>Custom item</label2>
		<icon>DefaultShortcut.png</icon>
		<thumb>special://skin/extras/icons/mtv.png</thumb>
		<action>RunScript(special://userdata/addon_data/script.skinshortcuts/play.py,http://abeksis.com/MTV-Hits)</action>
	</shortcut>
	<shortcut>
		<defaultID />
		<label>Channel 24 iSrael</label>
		<label2>Custom item</label2>
		<icon>DefaultShortcut.png</icon>
		<thumb>special://skin/extras/icons/24.png</thumb>
		<action>RunScript(special://userdata/addon_data/script.skinshortcuts/play.py,http://abeksis.com/channel-24)</action>
	</shortcut>
	<shortcut>
		<defaultID />
		<label>City.tv Music</label>
		<label2>Custom item</label2>
		<icon>DefaultShortcut.png</icon>
		<thumb>special://skin/extras/icons/city.png</thumb>
		<action>RunScript(special://userdata/addon_data/script.skinshortcuts/play.py,http://abeksis.com/city)</action>
	</shortcut>
	<shortcut>
		<defaultID />
		<label>Classical music</label>
		<label2>Custom item</label2>
		<icon>DefaultShortcut.png</icon>
		<thumb>special://skin/extras/icons/classical-music.png</thumb>
		<action>RunScript(special://userdata/addon_data/script.skinshortcuts/play.py,http://abeksis.com/classical)</action>
	</shortcut>
	<shortcut>
		<defaultID />
		<label>Radio</label>
		<label2>Custom item</label2>
		<icon>special://skin/extras/icons/radio.png</icon>
		<thumb>special://skin/extras/icons/creditcard.png</thumb>
		<action>ActivateWindow(1116)</action>
	</shortcut>
	<shortcut>
		<defaultID />
		<label>Spotify</label>
		<label2>Custom item</label2>
		<icon>DefaultShortcut.png</icon>
		<thumb>special://skin/extras/icons/spotify.png</thumb>
		<action>ActivateWindow(Music,"plugin://plugin.audio.spotify",return)</action>
	</shortcut>
</shortcuts>
