<?xml version='1.0' encoding='UTF-8'?>
<shortcuts>
	<shortcut>
		<defaultID />
		<label>Addons Radio - iSraelive</label>
		<label2>Custom item</label2>
		<icon>DefaultShortcut.png</icon>
		<thumb>special://skin/extras/icons/controlpanel.png</thumb>
		<action>ActivateWindow(Videos,"plugin://plugin.video.israelive/?channelid=10000",return)</action>
	</shortcut>
	<shortcut>
		<defaultID />
		<label>Here - Nostalgic</label>
		<label2>Custom item</label2>
		<icon>DefaultShortcut.png</icon>
		<thumb>special://skin/extras/icons/can.png</thumb>
		<action>RunScript(special://userdata/addon_data/script.skinshortcuts/play.py,http://abeksis.com/Nostalgic)</action>
	</shortcut>
	<shortcut>
		<defaultID />
		<label>Here - Hits</label>
		<label2>Custom item</label2>
		<icon>DefaultShortcut.png</icon>
		<thumb>special://skin/extras/icons/can.png</thumb>
		<action>RunScript(special://userdata/addon_data/script.skinshortcuts/play.py,http://abeksis.com/Here-Hits)</action>
	</shortcut>
</shortcuts>