<?xml version='1.0' encoding='UTF-8'?>
<shortcuts>
	<shortcut>
		<defaultID />
		<label>iSrael TV</label>
		<label2>Custom item</label2>
		<icon>DefaultShortcut.png</icon>
		<thumb>special://skin/extras/icons/livetv2.png</thumb>
		<action>ActivateWindow(1113)</action>
	</shortcut>
	<shortcut>
		<defaultID />
		<label>TV channels - iSraelive Addon</label>
		<label2>Custom item</label2>
		<icon>DefaultShortcut.png</icon>
		<thumb>special://skin/extras/icons/livetv.png</thumb>
		<action>ActivateWindow(Videos,"plugin://plugin.video.israelive",return)</action>
	</shortcut>
	<shortcut>
		<defaultID />
		<label>News From The World - live</label>
		<label2>Custom item</label2>
		<icon>DefaultShortcut.png</icon>
		<thumb>special://skin/extras/icons/tv.png</thumb>
		<action>ActivateWindow(1117)</action>
	</shortcut>
	<shortcut>
		<defaultID />
		<label>TV Channels From Around The World</label>
		<label2>Custom item</label2>
		<icon>DefaultShortcut.png</icon>
		<thumb>special://skin/extras/icons/livetv.png</thumb>
		<action>ActivateWindow(10025,&quot;plugin://plugin.video.israelive/?channelid=10556&quot;,return)‎</action>
	</shortcut>
	<shortcut>
		<defaultID />
		<label>Pvr iPtv Simple Client</label>
		<label2>Custom item</label2>
		<icon>DefaultShortcut.png</icon>
		<thumb>special://skin/extras/icons/tv.png</thumb>
		<action>ActivateWindow(TVChannels)</action>
	</shortcut>
</shortcuts>
