{"adult":false,"backdrop_path":"/4Q6rr41mOqxor4yknHPgHs33AEF.jpg","belongs_to_collection":null,"budget":0,"genres":[{"id":53,"name":"Thriller"},{"id":28,"name":"Action"},{"id":878,"name":"Science Fiction"}],"homepage":"","id":324670,"imdb_id":"tt2106651","original_language":"en","original_title":"Spectral","overview":"A special-ops team is dispatched to fight supernatural beings that have taken over a European city.","popularity":14.862087,"poster_path":"/oXV2ayQYUQfHwpuMdWnZF0Geng5.jpg","production_companies":[{"name":"Mid Atlantic Films","id":2735},{"name":"NetFlix","id":8858},{"name":"Legendary Entertainment","id":84419}],"production_countries":[{"iso_3166_1":"US","name":"United States of America"}],"release_date":"2016-12-09","revenue":0,"runtime":108,"spoken_languages":[{"iso_639_1":"en","name":"English"}],"status":"Post Production","tagline":"","title":"Spectral","video":false,"vote_average":6.3,"vote_count":107}