<sources>
    <programs>
        <default pathversion="1"></default>
    </programs>
    <video>
        <default pathversion="1"></default>
        <source>
            <name>Movies</name>
            <path pathversion="1">/Users/aviabeksis/Movies/</path>
            <allowsharing>true</allowsharing>
        </source>
        <source>
            <name>Video Playlists</name>
            <path pathversion="1">special://videoplaylists/</path>
            <allowsharing>true</allowsharing>
        </source>
        <source>
            <name>Movies TheWiz.Wall</name>
            <path pathversion="1">special://userdata/addon_data/plugin.video.thewiz.wall/library/movies/</path>
            <allowsharing>true</allowsharing>
        </source>
        <source>
            <name>TV TheWiz.Wall</name>
            <path pathversion="1">special://userdata/addon_data/plugin.video.thewiz.wall/library/tv/</path>
            <allowsharing>true</allowsharing>
        </source>
    </video>
    <music>
        <default pathversion="1"></default>
        <source>
            <name>Music</name>
            <path pathversion="1">/Users/aviabeksis/Music/</path>
            <allowsharing>true</allowsharing>
        </source>
        <source>
            <name>Music Playlists</name>
            <path pathversion="1">special://musicplaylists/</path>
            <allowsharing>true</allowsharing>
        </source>
    </music>
    <pictures>
        <default pathversion="1"></default>
        <source>
            <name>Pictures</name>
            <path pathversion="1">/Users/aviabeksis/Pictures/</path>
            <allowsharing>true</allowsharing>
        </source>
    </pictures>
    <files>
        <default pathversion="1"></default>
        <source>
            <name>Graphics</name>
            <path pathversion="1">special://home/Graphics/</path>
            <allowsharing>true</allowsharing>
        </source>
    </files>
</sources>
