<advancedsettings>
	<cache>
		<memorysize>152428800</memorysize>
		<readfactor>20</readfactor>
		<buffermode>0</buffermode>
	</cache>
	<video>
		<timeseekforward>15</timeseekforward> <!-- Skip back time 15 s -->
		<timeseekbackward>-15</timeseekbackward> <!-- Skip forward time 15 s -->
		<playcountminimumpercent>95</playcountminimumpercent>
		<subsdelayrange>240</subsdelayrange> <!-- Subtitle offset adjustment range -->
	</video>
	<videoscanner>
		<ignoreerrors>true</ignoreerrors>
	</videoscanner>
</advancedsettings>