<artdetails>
	<status>Released</status>
	<plot>ג'ורג' הוא אדם מן השורה אשר ירד מנכסיו ובריאותו התרופפה. הוא מנסה להתמודד עם החיים ברחובות ניו יורק ומתגלגל לבית מחסה לחסרי בית, שם הוא מכיר את דיקסון, חסר בית כמותו אשר מעודד אותו לחזור וליצור קשר עם בתו שמתנכרת לו מזה שנים רבות.</plot>
	<tmdb_type>movie</tmdb_type>
	<thumb>http://assets.fanart.tv/fanart/movies/284294/moviethumb/time-out-of-mind-5699e43607a46.jpg</thumb>
	<rating>5.3</rating>
	<fanart>image://http%3a%2f%2fimage.tmdb.org%2ft%2fp%2foriginal%2ftnU7g1979lRWh6dM7RcXlPjt9s8.jpg/</fanart>
	<poster>image://http%3a%2f%2fimage.tmdb.org%2ft%2fp%2foriginal%2ff7d59MMjS0k8f7LvP0pJOfiMJE5.jpg/</poster>
	<title>מחוץ לזמן</title>
	<imdb_id>tt3505712</imdb_id>
	<tmdb_title>מחוץ לזמן</tmdb_title>
	<date_scraped>2016-06-30 13:25:28.302809</date_scraped>
	<studio>KSM Film</studio>
	<channel>ערוץ הכנסת 99 [B][COLOR lime] ישראל - [/COLOR][/B]</channel>
	<discart>http://assets.fanart.tv/fanart/movies/284294/moviedisc/time-out-of-mind-5631d4f4b9115.png</discart>
	<genre>אחר / לא ידוע</genre>
	<path>pvr://channels/tv/כל הערוצים/</path>
	<clearlogo>http://assets.fanart.tv/fanart/movies/284294/hdmovielogo/time-out-of-mind-5631cf16d4309.png</clearlogo>
	<landscape>http://assets.fanart.tv/fanart/movies/284294/moviethumb/time-out-of-mind-5699e43607a46.jpg</landscape>
	<channellogo>http://anarchitv.co/TV/Logos/99.png</channellogo>
</artdetails>
