<?xml version='1.0' encoding='UTF-8'?>
<shortcuts>
	<shortcut>
		<defaultID />
		<label>גורדון רמזי</label>
		<label2>Custom item</label2>
		<icon>DefaultShortcut.png</icon>
		<thumb>special://skin/extras/icons/Gordon_Ramsays.png</thumb>
		<action>ActivateWindow(VideoLibrary,"plugin://plugin.video.gordon.ura.cz",return)</action>
	</shortcut>
	<shortcut>
		<defaultID />
		<label>גיימי אוליבר</label>
		<label2>Custom item</label2>
		<icon>DefaultShortcut.png</icon>
		<thumb>special://skin/extras/icons/James_Oliver.png</thumb>
		<action>ActivateWindow(VideoLibrary,"plugin://plugin.video.youtube/user/JamieOliver/",return)</action>
	</shortcut>
	<shortcut>
		<defaultID />
		<label>Food Network - שידור חי</label>
		<label2>Custom item</label2>
		<icon>DefaultShortcut.png</icon>
		<thumb>special://skin/extras/icons/hd.png</thumb>
		<action>PlayMedia("plugin://plugin.video.TheJoker/?url=plugin%3A%2F%2Fplugin.video.f4mTester%2F%3Fstreamtype%3DTSDOWNLOADER%26amp%3Burl%3Dhttp%3A%2F%2Fiptv.re%2Flive%2F1%2F1%2F3739.ts%26amp%3Bname%3DJokers+TV&amp;mode=12",return)</action>
	</shortcut>
	<shortcut>
		<defaultID />
		<label>הכנת עוגות</label>
		<label2>Custom item</label2>
		<icon>DefaultShortcut.png</icon>
		<thumb>special://skin/extras/icons/cake.png</thumb>
		<action>ActivateWindow(VideoLibrary,"plugin://plugin.video.youtube/user/CakeVideosfromexpert/",return)</action>
	</shortcut>
	<shortcut>
		<defaultID />
		<label>פשוט לאפות</label>
		<label2>Custom item</label2>
		<icon>DefaultShortcut.png</icon>
		<thumb>special://skin/extras/icons/bake.png</thumb>
		<action>ActivateWindow(VideoLibrary,"plugin://plugin.video.youtube/user/SimplyBakings/",return)</action>
	</shortcut>
	<shortcut>
		<defaultID />
		<label>אוכל ישראלי - מתכונים</label>
		<label2>Custom item</label2>
		<icon>DefaultShortcut.png</icon>
		<thumb>special://skin/extras/icons/kitchen.png</thumb>
		<action>ActivateWindow(VideoLibrary,"plugin://plugin.video.Vodil/?url=url&amp;mode=17&amp;name=%5BCOLOR+white%5D%5BB%5D%D7%90%D7%95%D7%9B%D7%9C+%D7%95%D7%91%D7%99%D7%A9%D7%95%D7%9C%5B%2FB%5D%5B%2FCOLOR%5D",return)</action>
	</shortcut>
	<shortcut>
		<defaultID />
		<label>מטבח הודי</label>
		<label2>Custom item</label2>
		<icon>DefaultShortcut.png</icon>
		<thumb>special://skin/extras/icons/Recipes.png</thumb>
		<action>ActivateWindow(VideoLibrary,"plugin://plugin.video.youtube/user/Indiafoodnetwork/",return)</action>
	</shortcut>
	<shortcut>
		<defaultID />
		<label> America’s Test Kitchen</label>
		<label2>Custom item</label2>
		<icon>DefaultShortcut.png</icon>
		<thumb>special://skin/extras/icons/Recipes.png</thumb>
		<action>ActivateWindow(VideoLibrary,"plugin://plugin.video.youtube/user/americastestkitchen/",return)</action>
	</shortcut>
	<shortcut>
		<defaultID />
		<label>One-pot Recipes</label>
		<label2>Custom item</label2>
		<icon>DefaultShortcut.png</icon>
		<thumb>special://skin/extras/icons/Recipes.png</thumb>
		<action>ActivateWindow(VideoLibrary,"plugin://plugin.video.youtube/user/OnePotChefShow/",return)</action>
	</shortcut>
	<shortcut>
		<defaultID />
		<label>Laura in The Kitchen</label>
		<label2>Custom item</label2>
		<icon>DefaultShortcut.png</icon>
		<thumb>special://skin/extras/icons/kitchen.png</thumb>
		<action>ActivateWindow(VideoLibrary,"plugin://plugin.video.youtube/user/LauraVitalesKitchen/",return)</action>
	</shortcut>
	<shortcut>
		<defaultID />
		<label>Bettys Kitchen</label>
		<label2>Custom item</label2>
		<icon>DefaultShortcut.png</icon>
		<thumb>special://skin/extras/icons/Recipes.png</thumb>
		<action>ActivateWindow(VideoLibrary,"plugin://plugin.video.youtube/user/bettyskitchen/",return)</action>
	</shortcut>
	<shortcut>
		<defaultID />
		<label>BBQ Pit Boys</label>
		<label2>Custom item</label2>
		<icon>DefaultShortcut.png</icon>
		<thumb>special://skin/extras/icons/meat.png</thumb>
		<action>ActivateWindow(VideoLibrary,"plugin://plugin.video.youtube/user/BarbecueWeb/",return)</action>
	</shortcut>
</shortcuts>
