<?xml version='1.0' encoding='UTF-8'?>
<shortcuts>
	<shortcut>
		<defaultID />
		<label>דיסקברי</label>
		<label2>Custom item</label2>
		<icon>DefaultShortcut.png</icon>
		<thumb>special://skin/extras/icons/discovery.png</thumb>
		<action>PlayMedia("plugin://program.apollo/?action=apollo&amp;imdb=9999&amp;season=5016&amp;title=Discovery Channel",return)</action>
	</shortcut>
	<shortcut>
		<defaultID />
		<label>דיסקברי - שידור נוסף</label>
		<label2>Custom item</label2>
		<icon>DefaultShortcut.png</icon>
		<thumb>special://skin/extras/icons/discovery.png</thumb>
		<action>PlayMedia("plugin://plugin.video.ccloudtv/?url=http%3A%2F%2F167.114.102.27%2Flive%2FButuzKHKYnqMDLOmzHx4Cg%2F1478929880%2F075d66993151c178df1ed9840202d983.m3u8%7CUser-Agent%3DMozilla%252F5.0%2520%28Windows%2520NT%25206.1%253B%2520WOW64%29%2520AppleWebKit%252F537.36%2520%28KHTML%252C%2520like%2520Gecko%29%2520Chrome%252F47.0.2526.106%2520Safari%252F537.36&amp;mode=1&amp;name=Discovery+Channel+%28Documentary%29+%28US%29+%28English%29&amp;iconimage=http%3A%2F%2Fimages2.fanpop.com%2Fimage%2Fphotos%2F12200000%2FDiscovery-Channel-logos-discovery-channel-12245119-300-300.jpg",return)</action>
	</shortcut>
	<shortcut>
		<defaultID />
		<label>נשיונל גאוגרפיק</label>
		<label2>Custom item</label2>
		<icon>DefaultShortcut.png</icon>
		<thumb>special://skin/extras/icons/national_geographic.png</thumb>
		<action>PlayMedia("plugin://program.apollo/?action=apollo&amp;imdb=9999&amp;season=5022&amp;title=National Geographic Channel",return)</action>
	</shortcut>
	<shortcut>
		<defaultID />
		<label>נשיונל גאוגרפיק - מדובב (רוסית)</label>
		<label2>Custom item</label2>
		<icon>DefaultShortcut.png</icon>
		<thumb>special://skin/extras/icons/national_geographic.png</thumb>
		<action>PlayMedia("http://iptvhd.ru:8000/live/flussonic2016/A5p63Flussonic/2.m3u8",return)</action>
	</shortcut>
	<shortcut>
		<defaultID />
		<label>ערוץ ההיסטוריה</label>
		<label2>Custom item</label2>
		<icon>DefaultShortcut.png</icon>
		<thumb>special://skin/extras/icons/History.png</thumb>
		<action>PlayMedia("plugin://program.apollo/?action=apollo&amp;imdb=9999&amp;season=188&amp;title=History",return)</action>
	</shortcut>
	<shortcut>
		<defaultID />
		<label>ערוץ ההיסטוריה - שידור נוסף</label>
		<label2>Custom item</label2>
		<icon>DefaultShortcut.png</icon>
		<thumb>special://skin/extras/icons/History.png</thumb>
		<action>PlayMedia("http://iptvhd.ru:8000/live/flussonic2016/A5p63Flussonic/104.m3u8",return)</action>
	</shortcut>
	<shortcut>
		<defaultID />
		<label>Discovery Sci</label>
		<label2>Custom item</label2>
		<icon>DefaultShortcut.png</icon>
		<thumb>special://home/Graphics/icons/Discovery_Sci.png</thumb>
		<action>PlayMedia("plugin://program.apollo/?action=apollo&amp;imdb=9999&amp;season=391&amp;title=Discovery Science",return)</action>
	</shortcut>
	<shortcut>
		<defaultID />
		<label>Discovery Science - שידור נוסף</label>
		<label2>Custom item</label2>
		<icon>DefaultShortcut.png</icon>
		<thumb>special://home/Graphics/icons/Discovery_Sci.png</thumb>
		<action>PlayMedia("plugin://plugin.video.thepyramid/?url=plugin%3A%2F%2Fplugin.video.f4mTester%2F%3Furl%3Dhttp%3A%2F%2F149.202.78.137%3A8080%2Flive%2F5454%2F5454%2F1127.ts+%26amp%3Bstreamtype%3DTSDOWNLOADER%3Bname%3DThe+Pyramid+List%7CUser-Agent%3DMozilla%2F5.0+%28iPad%3B+CPU+OS+6_0+like+Mac+OS+X%29+AppleWebKit%2F536.26+%28KHTML%2C+like+Gecko%29+Version%2F6.0+Mobile%2F10A5376e+Safari%2F8536.25%26swf%3DNone%26auth%26simpledownloader%3Dfals%24use_proxy_for_chunks%3Dtrue%26streamtype%3DTSDOWNLOADER%26maxbitrate%3D0%26proxy%3DNone%26url&amp;mode=12",return)</action>
	</shortcut>
	<shortcut>
		<defaultID />
		<label>אנימל פלאנט</label>
		<label2>Custom item</label2>
		<icon>DefaultShortcut.png</icon>
		<thumb>special://skin/extras/icons/animal_planet.png</thumb>
		<action>PlayMedia("plugin://program.apollo/?action=apollo&amp;imdb=9999&amp;season=2370&amp;title=Animal Planet",return)</action>
	</shortcut>
	<shortcut>
		<defaultID />
		<label>אנימל פלאנט  - מדובב (רוסית)</label>
		<label2>Custom item</label2>
		<icon>DefaultShortcut.png</icon>
		<thumb>special://skin/extras/icons/animal_planet.png</thumb>
		<action>PlayMedia("http://iptvhd.ru:8000/live/flussonic2016/A5p63Flussonic/8.m3u8",return)</action>
	</shortcut>
	<shortcut>
		<defaultID />
		<label>Nasa Live</label>
		<label2>Custom item</label2>
		<icon>DefaultShortcut.png</icon>
		<thumb>special://skin/extras/icons/world.png</thumb>
		<action>PlayMedia("plugin://plugin.video.ccloudtv/?url=http%3A%2F%2Fnasatv-lh.akamaihd.net%2Fi%2FNASA_101%40319270%2Fmaster.m3u8&amp;mode=1&amp;name=Nasa+TV+Public+%28Documentary%29+%28US%29+%28English%29&amp;iconimage=http%3A%2F%2Fwww.acrosstheuniverseday.com%2Fimages%2Fnasa_TV_logo.jpg",return)</action>
	</shortcut>
</shortcuts>
