<artdetails>
	<rating>7.7</rating>
	<tmdb_type>movie</tmdb_type>
	<revenue>85000000</revenue>
	<tmdb_title>הצוללת</tmdb_title>
	<landscape>http://assets.fanart.tv/fanart/movies/387/moviethumb/das-boot-5633da0fc8419.jpg</landscape>
	<plot>הסרט נפתח בגרמניה של שנת 1942. מלחמת העולם השניה בעיצומה, המוראל הנאצי בשלב זה גבוה, וסגן וורנר (הרברט גרונמייר), כתב צבאי צעיר, נשלח לסקר את הגיחה המבצעית הקרובה של אחד מצוותי הצוללות הנועזים באוקיינוס האטלנטי. לאחר שהוא מתוודע, על כמה כוסות בירה, לחבורת הטיפוסים החביבים ומפקדם הכריזמטי היינריך לימן (יורגן פורכנאו), עולה וורנר על סיפונה של אותה צוללת, משוכנע כי הוא עומד לתעד מסע זריז של עוד ניצחון מפואר עבור הרייך. לוורנר, כפי שברור לצופים מהכתובית הפותחת את הסרט, אין מושג לאיזה ברוך הוא נכנס. זה מתחיל עם המתנה ארוכה, משועממת, מורטת-עצבים, שמשהו יקרה. ואז דברים אכן מתחילים לקרות: מזג אוויר סוער, ספינות אויב, ומעל הכל - הנטייה של הצוללת, פאר הטכנולוגיה, להתקלקל, לדלוף, ולאיים לקחת את וורנר ואת יתר הצוות ישר למצולות האוקיינוס. צוות הצוללת, מבין וורנר מאוחר מדי, לא יצא לאוקיינוס כדי לנצח. הכי הרבה שהם מקווים לו זה לשרוד</plot>
	<thumb>http://assets.fanart.tv/fanart/movies/387/moviethumb/das-boot-5633da0fc8419.jpg</thumb>
	<title>הצוללת</title>
	<fanart>http://image.tmdb.org/t/p/original/mc0PbKrrFRCUEpI09reR3ihHrIo.jpg</fanart>
	<channel>ערוץ 22  [B][COLOR lime] ישראל - [/COLOR][/B]</channel>
	<extrafanart>plugin://script.skin.helper.service/?action=EXTRAFANART&amp;path=special%3A%2F%2Fprofile%2Faddon_data%2Fscript.skin.helper.service%2Fpvrthumbs%2F%D7%94%D7%A6%D7%95%D7%9C%D7%9C%D7%AA%2Fpvrdetails.xml</extrafanart>
	<status>Released</status>
	<poster>http://image.tmdb.org/t/p/original/kI1rptTkqDWj6SBRsYwguBvPViT.jpg</poster>
	<imdb_id>tt0082096</imdb_id>
	<studio>Radiant Film GmbH / Süddeutscher Rundfunk / Bavaria Film / Westdeutscher Rundfunk (WDR) / Twin Bros. Productions</studio>
	<genre>אחר / לא ידוע</genre>
	<path>pvr://channels/tv/כל הערוצים/</path>
	<clearart>http://assets.fanart.tv/fanart/movies/387/hdmovieclearart/das-boot-54975b574671e.png</clearart>
	<date_scraped>2016-08-03 02:12:07.744957</date_scraped>
	<extrafanarts>[u'http://assets.fanart.tv/fanart/movies/387/moviebackground/das-boot-56fab4bd72f9a.jpg']</extrafanarts>
	<discart>http://assets.fanart.tv/fanart/movies/387/moviedisc/das-boot-52e45a9e4a793.png</discart>
	<budget>14000000</budget>
	<clearlogo>http://assets.fanart.tv/fanart/movies/387/movielogo/das-boot-4fe4665865287.png</clearlogo>
	<channellogo>http://anarchitv.co/TV/Logos/2.png</channellogo>
</artdetails>
