<?xml version='1.0' encoding='UTF-8'?>
<shortcuts>
	<shortcut>
		<defaultID />
		<label>חיפוש סרטים - Exodus</label>
		<label2>Custom item</label2>
		<icon>DefaultShortcut.png</icon>
		<thumb>special://skin/extras/icons/search.png</thumb>
		<action>ActivateWindow(10025,"plugin://plugin.video.specto/?action=movieSearch",return)</action>
	</shortcut>
	<shortcut>
		<defaultID />
		<label>חיפוש סדרות - Exodus</label>
		<label2>Custom item</label2>
		<icon>DefaultShortcut.png</icon>
		<thumb>special://skin/extras/icons/search.png</thumb>
		<action>ActivateWindow(10025,"plugin://plugin.video.exodus/?action=tvSearch",return)</action>
	</shortcut>
	<shortcut>
		<defaultID />
		<label>חיפוש סרטים - Specto</label>
		<label2>Custom item</label2>
		<icon>DefaultShortcut.png</icon>
		<thumb>special://skin/extras/icons/search.png</thumb>
		<action>ActivateWindow(10025,"plugin://plugin.video.specto/?action=movieSearch",return)</action>
	</shortcut>
	<shortcut>
		<defaultID />
		<label>חיפוש סדרות - Specto</label>
		<label2>Custom item</label2>
		<icon>DefaultShortcut.png</icon>
		<thumb>special://skin/extras/icons/search.png</thumb>
		<action>ActivateWindow(10025,"plugin://plugin.video.specto/?action=tvSearch",return)</action>
	</shortcut>
	<shortcut>
		<defaultID />
		<label>חיפוש סרטים - Salts</label>
		<label2>Custom item</label2>
		<icon>DefaultShortcut.png</icon>
		<thumb>special://skin/extras/icons/search.png</thumb>
		<action>ActivateWindow(10025,"plugin://plugin.video.salts/?mode=search&amp;section=Movies",return)</action>
	</shortcut>
	<shortcut>
		<defaultID />
		<label>חיפוש סדרות - Salts</label>
		<label2>Custom item</label2>
		<icon>DefaultShortcut.png</icon>
		<thumb>special://skin/extras/icons/search.png</thumb>
		<action>ActivateWindow(10025,"plugin://plugin.video.salts/?mode=search&amp;section=Movies",return)</action>
	</shortcut>
</shortcuts>
