<artdetails>
	<status>Released</status>
	<rating>6.8</rating>
	<tmdb_type>movie</tmdb_type>
	<thumb>http://image.tmdb.org/t/p/original/lMbsU896qifmQxrGOvyqSPSFqDe.jpg</thumb>
	<plot>An evening at an Italian restaurant. Hosted by tolerant and relaxed Flora, various parties of middle-class people come in -- large and small, young and old, regulars and tourists, married and single -- to dine, converse, argue, celebrate, make confessions; to overhear other people's discussions, to interrupt them, to sing, listen to music, and enjoy life. The camera, just like the people, moves constantly from table to table, into the kitchen and the back room to observe the staff's petty jealousies and frustrations -- until two hours later it's time for everybody to go home.</plot>
	<fanart>http://image.tmdb.org/t/p/original/lMbsU896qifmQxrGOvyqSPSFqDe.jpg</fanart>
	<poster>http://image.tmdb.org/t/p/original/i44Y5VncIft1tqQ1cHf5lw0amT3.jpg</poster>
	<title>הערב</title>
	<imdb_id>tt0140603</imdb_id>
	<tmdb_title>ארוחת הערב</tmdb_title>
	<date_scraped>2016-07-05 00:39:15.146316</date_scraped>
	<studio>Les Films Alain Sarde / Medusa Film / FilmTel Ltd.</studio>
	<genre>אחר / לא ידוע</genre>
	<path>pvr://channels/tv/כל הערוצים/</path>
	<channel>ערוץ 22  [B][COLOR lime] ישראל - [/COLOR][/B]</channel>
	<channellogo>http://anarchitv.co/TV/Logos/2.png</channellogo>
</artdetails>
