<artdetails>
	<status>Released</status>
	<rating>6.0</rating>
	<tmdb_type>movie</tmdb_type>
	<thumb>http://image.tmdb.org/t/p/original/dGkRL2cBv7YknSl5UDIwgwUi0a.jpg</thumb>
	<plot>כשהן בשנות העשרים המאוחרות שלהן ועייפות מבילויים מסביב לעולם, מגיעות מארי הדנית וסופי האירית לחופי צפון סקוטלנד. אחרי עוד ערב של אלכוהול במהלכו השתיים מאבדות את כל כספן, לוחצת סופי האמביציוזית על מארי לקחת עבודה רווחית מאוד כאם פונדקאית.</plot>
	<fanart>http://image.tmdb.org/t/p/original/dGkRL2cBv7YknSl5UDIwgwUi0a.jpg</fanart>
	<poster>http://image.tmdb.org/t/p/original/sTYDyKZLV5DQA6sCWvYhye2tYzP.jpg</poster>
	<title>מתוקים</title>
	<imdb_id>tt0338440</imdb_id>
	<tmdb_title>חלומות מתוקים</tmdb_title>
	<date_scraped>2017-02-02 11:09:55.395398</date_scraped>
	<studio>Nimbus Film Productions</studio>
	<genre>אחר / לא ידוע</genre>
	<path>pvr://channels/tv/כל הערוצים/</path>
	<channel>ערוץ המוזיקה</channel>
	<channellogo>http://www.nrg.co.il/images/archive/300x225/859/687.jpg</channellogo>
</artdetails>
