<artdetails>
	<rating>7.0</rating>
	<tmdb_type>tv</tmdb_type>
	<tmdb_title>גיבורים</tmdb_title>
	<landscape>http://assets.fanart.tv/fanart/tv/79501/tvthumb/H_79501 (3).jpg</landscape>
	<plot>"גיבורים" מתארת עולם בו מספר מצומצם של אנשים, כתוצאה מאנומליה גנטית משותפת, מפתחים כוחות ויכולות על-אנושיות. אותם אנשים מתקראים "גיבורים" ברוב המקרים, ולעתים מסיבות עלילתיות "נבלים". זאת על פי מסורת קומיקס אמריקאי קלאסי, המתבטאת בין השאר באפיון הדמויות, צילום הפרקים, וחיתוך קווי העלילה המקבילים. בכל עונה הסדרה מתמקדת במספר קווי עלילה מקבילים, כאשר כל פרק נע בין מרביתם ללא קשר ברור בהכרח. מרבית הגיבורים אינם יודעים על קיומם של האחרים, אם כי בהרבה פרקים קווי עלילה נפגשים לרגע, לכאורה באופן מקרי.</plot>
	<thumb>http://assets.fanart.tv/fanart/tv/79501/tvthumb/H_79501 (3).jpg</thumb>
	<title>גיבורים</title>
	<fanart>http://assets.fanart.tv/fanart/tv/79501/showbackground/heroes-4fd36d1cc4447.jpg</fanart>
	<homepage>http://www.nbc.com/Heroes</homepage>
	<channel>HD ערוץ 10 [B][COLOR lime] ישראל - [/COLOR][/B]</channel>
	<extrafanart>plugin://script.skin.helper.service/?action=EXTRAFANART&amp;path=special%3A%2F%2Fprofile%2Faddon_data%2Fscript.skin.helper.service%2Fpvrthumbs%2F%D7%92%D7%99%D7%91%D7%95%D7%A8%D7%99%D7%9D%2Fpvrdetails.xml</extrafanart>
	<status>Ended</status>
	<poster>http://assets.fanart.tv/fanart/tv/79501/tvposter/heroes-52c73c5a12baf.jpg</poster>
	<tvdb_id>79501</tvdb_id>
	<studio>NBC</studio>
	<genre>אחר / לא ידוע</genre>
	<path>pvr://channels/tv/כל הערוצים/</path>
	<banner>http://assets.fanart.tv/fanart/tv/79501/tvbanner/heroes-53d94d98e5d00.jpg</banner>
	<clearart>http://assets.fanart.tv/fanart/tv/79501/clearart/H_79501 (2).png</clearart>
	<date_scraped>2016-07-31 21:57:52.149857</date_scraped>
	<extrafanarts>[u'http://assets.fanart.tv/fanart/tv/79501/showbackground/heroes-4fd36d1cc4447.jpg', u'http://assets.fanart.tv/fanart/tv/79501/showbackground/heroes-5365540c86503.jpg', u'http://assets.fanart.tv/fanart/tv/79501/showbackground/heroes-5365541ea40fd.jpg', u'http://assets.fanart.tv/fanart/tv/79501/showbackground/heroes-54d89b7fe2d30.jpg', u'http://assets.fanart.tv/fanart/tv/79501/showbackground/heroes-56b65f0806851.jpg']</extrafanarts>
	<clearlogo>http://assets.fanart.tv/fanart/tv/79501/clearlogo/Heroes-79501.png</clearlogo>
	<channellogo>http://anarchitv.co/TV/Logos/10.png</channellogo>
</artdetails>
