<artdetails>
	<status>Released</status>
	<plot>הופעה חיה של המופע של אבי קושניר - המוח הגברי</plot>
	<tmdb_type>movie</tmdb_type>
	<title>המוח</title>
	<tagline>המוח הגברי</tagline>
	<tmdb_title>המוח הגברי</tmdb_title>
	<date_scraped>2016-07-04 21:42:53.164931</date_scraped>
	<genre>אחר / לא ידוע</genre>
	<path>pvr://channels/tv/כל הערוצים/</path>
	<channel>הערוץ הראשון [B][COLOR lime] ישראל - [/COLOR][/B]</channel>
	<channellogo>http://anarchitv.co/TV/Logos/1.png</channellogo>
</artdetails>
