{"cache": [{"data": {"msg": {"channels": [{"http_stream": "http://play.uktvnow.net:1935/live/3e.stream/playlist.m3u8", "cat_name": "Entertainment", "img": "images/channel_imgs/3e.png", "pk_id": "1", "cat_id": "1", "channel_name": "3e", "rtmp_stream": "rtmp://play.uktvnow.net/live?wmsAuthSign=[token]/3e.stream"}, {"http_stream": "http://play.uktvnow.net:1935/live/ae9.stream/playlist.m3u8", "cat_name": "USA Ch.", "img": "images/channel_imgs/160116112847ae.gif", "pk_id": "22", "cat_id": "10", "channel_name": "A&E", "rtmp_stream": "rtmp://play.uktvnow.net/live?wmsAuthSign=[token]/ae9.stream"}, {"http_stream": "http://play.uktvnow.net:1935/live/abc9.stream/playlist.m3u8", "cat_name": "USA Ch.", "img": "images/channel_imgs/160116113057abc.jpg", "pk_id": "23", "cat_id": "10", "channel_name": "ABC", "rtmp_stream": "rtmp://play.uktvnow.net/live?wmsAuthSign=[token]/abc9.stream"}, {"http_stream": "http://play.uktvnow.net:1935/live/abchd.stream/playlist.m3u8", "cat_name": "USA Ch.", "img": "images/channel_imgs/160116113201abc.jpg", "pk_id": "25", "cat_id": "10", "channel_name": "ABC HD", "rtmp_stream": "rtmp://play.uktvnow.net/live?wmsAuthSign=[token]/abchd.stream"}, {"http_stream": "http://mediacontent-lh.akamaihd.net/i/marathiabpnew_1@188093/master.m3u8", "cat_name": "News", "img": "images/channel_imgs/160116113252abp.jpg", "pk_id": "26", "cat_id": "4", "channel_name": "ABP News", "rtmp_stream": "http://mediacontent-lh.akamaihd.net/i/marathiabpnew_1@188093/master.m3u8"}, {"http_stream": "http://play.uktvnow.net:1935/live/alibi.stream/playlist.m3u8", "cat_name": "Entertainment", "img": "images/channel_imgs/160116113611li.png", "pk_id": "27", "cat_id": "1", "channel_name": "Alibi", "rtmp_stream": "rtmp://play.uktvnow.net/live?wmsAuthSign=[token]/alibi.stream"}, {"http_stream": "http://play.uktvnow.net:1935/live/amc9.stream/playlist.m3u8", "cat_name": "USA Ch.", "img": "images/channel_imgs/160116113647amc.png", "pk_id": "28", "cat_id": "10", "channel_name": "AMC", "rtmp_stream": "rtmp://play.uktvnow.net/live?wmsAuthSign=[token]/amc9.stream"}, {"http_stream": "http://play.uktvnow.net:1935/live/amchd.stream/playlist.m3u8", "cat_name": "USA Ch.", "img": "images/channel_imgs/160116113707amc.png", "pk_id": "29", "cat_id": "10", "channel_name": "AMC HD", "rtmp_stream": "rtmp://play.uktvnow.net/live?wmsAuthSign=[token]/amchd.stream"}, {"http_stream": "http://play.uktvnow.net:1935/live/ap.stream/playlist.m3u8", "cat_name": "Documentary", "img": "images/channel_imgs/160116113807animal.PNG", "pk_id": "30", "cat_id": "6", "channel_name": "Animal Planet", "rtmp_stream": "rtmp://play.uktvnow.net/live?wmsAuthSign=[token]/ap.stream"}, {"http_stream": "http://play.uktvnow.net:1935/live/ap9.stream/playlist.m3u8", "cat_name": "USA Ch.", "img": "images/channel_imgs/160116113836animal.PNG", "pk_id": "31", "cat_id": "10", "channel_name": "Animal Planet.", "rtmp_stream": "rtmp://play.uktvnow.net/live?wmsAuthSign=[token]/ap9.stream"}, {"http_stream": "http://play.uktvnow.net:1935/live/arena1.stream/playlist.m3u8", "cat_name": "Sports", "img": "images/channel_imgs/160116113936ar1.png", "pk_id": "33", "cat_id": "5", "channel_name": "Arena Sport 1", "rtmp_stream": "rtmp://play.uktvnow.net/live?wmsAuthSign=[token]/arena1.stream"}, {"http_stream": "http://play.uktvnow.net:1935/live/arena2.stream/playlist.m3u8", "cat_name": "Sports", "img": "images/channel_imgs/160116114000ar2.png", "pk_id": "34", "cat_id": "5", "channel_name": "Arena Sport 2", "rtmp_stream": "rtmp://play.uktvnow.net/live?wmsAuthSign=[token]/arena2.stream"}, {"http_stream": "http://play.uktvnow.net:1935/live/arena3.stream/playlist.m3u8", "cat_name": "Sports", "img": "images/channel_imgs/160116114021ar3.jpg", "pk_id": "35", "cat_id": "5", "channel_name": "Arena Sport 3", "rtmp_stream": "rtmp://play.uktvnow.net/live?wmsAuthSign=[token]/arena3.stream"}, {"http_stream": "http://play.uktvnow.net:1935/live/arena4.stream/playlist.m3u8", "cat_name": "Sports", "img": "images/channel_imgs/160116114046ar4.jpg", "pk_id": "36", "cat_id": "5", "channel_name": "Arena Sport 4", "rtmp_stream": "rtmp://play.uktvnow.net/live?wmsAuthSign=[token]/arena4.stream"}, {"http_stream": "http://play.uktvnow.net:1935/live/arydigital.stream/playlist.m3u8", "cat_name": "Entertainment", "img": "images/channel_imgs/160116114139ry.jpg", "pk_id": "37", "cat_id": "1", "channel_name": "ARY Digital", "rtmp_stream": "rtmp://play.uktvnow.net/live?wmsAuthSign=[token]/arydigital.stream"}, {"http_stream": "http://play.uktvnow.net:1935/live/arynews.stream/playlist.m3u8", "cat_name": "News", "img": "images/channel_imgs/160116114204ary.jpg", "pk_id": "38", "cat_id": "4", "channel_name": "ARY News", "rtmp_stream": "rtmp://play.uktvnow.net/live?wmsAuthSign=[token]/arynews.stream"}, {"http_stream": "http://play.uktvnow.net:1935/live/atr3.stream/playlist.m3u8", "cat_name": "Sports", "img": "images/channel_imgs/160116114320at.jpg", "pk_id": "41", "cat_id": "5", "channel_name": "At the races", "rtmp_stream": "rtmp://play.uktvnow.net/live?wmsAuthSign=[token]/atr3.stream"}, {"http_stream": "http://play.uktvnow.net:1935/live/bbcent.stream/playlist.m3u8", "cat_name": "Entertainment", "img": "images/channel_imgs/070216060150bbc_entertainment_logo.jpg", "pk_id": "248", "cat_id": "1", "channel_name": "BBC Entertainment", "rtmp_stream": "rtmp://play.uktvnow.net/live?wmsAuthSign=[token]/bbcent.stream"}, {"http_stream": "http://play.uktvnow.net:1935/live/bbc4.stream/playlist.m3u8", "cat_name": "Entertainment", "img": "images/channel_imgs/160116114416bb.gif", "pk_id": "43", "cat_id": "1", "channel_name": "BBC Four", "rtmp_stream": "rtmp://play.uktvnow.net/live?wmsAuthSign=[token]/bbc4.stream"}, {"http_stream": "http://play.uktvnow.net:1935/live/bbcnews.stream/playlist.m3u8", "cat_name": "News", "img": "images/channel_imgs/160116114840bbcnew.jpg", "pk_id": "47", "cat_id": "4", "channel_name": "BBC News", "rtmp_stream": "rtmp://play.uktvnow.net/live?wmsAuthSign=[token]/bbcnews.stream"}, {"http_stream": "http://play.uktvnow.net:1935/live/bbc1.stream/playlist.m3u8", "cat_name": "Entertainment", "img": "images/channel_imgs/160116114707bbc1.jpg", "pk_id": "44", "cat_id": "1", "channel_name": "BBC One", "rtmp_stream": "rtmp://play.uktvnow.net/live?wmsAuthSign=[token]/bbc1.stream"}, {"http_stream": "http://play.uktvnow.net:1935/live/bbc3.stream/playlist.m3u8", "cat_name": "Entertainment", "img": "images/channel_imgs/160116114740bbc3.jpg", "pk_id": "45", "cat_id": "1", "channel_name": "BBC Three", "rtmp_stream": "rtmp://play.uktvnow.net/live?wmsAuthSign=[token]/bbc3.stream"}, {"http_stream": "http://play.uktvnow.net:1935/live/bbc2.stream/playlist.m3u8", "cat_name": "Entertainment", "img": "images/channel_imgs/160116114814bbc2.png", "pk_id": "46", "cat_id": "1", "channel_name": "BBC Two", "rtmp_stream": "rtmp://play.uktvnow.net/live?wmsAuthSign=[token]/bbc2.stream"}, {"http_stream": "http://play.uktvnow.net:1935/live/bloomberg.stream/playlist.m3u8", "cat_name": "News", "img": "images/channel_imgs/160116115318bl.jpg", "pk_id": "54", "cat_id": "4", "channel_name": "Bloomberg", "rtmp_stream": "rtmp://play.uktvnow.net/live?wmsAuthSign=[token]/bloomberg.stream"}, {"http_stream": "http://play.uktvnow.net:1935/live/boxnation.stream/playlist.m3u8", "cat_name": "Sports", "img": "images/channel_imgs/160116115340box.jpg", "pk_id": "55", "cat_id": "5", "channel_name": "Box Nation", "rtmp_stream": "rtmp://play.uktvnow.net/live?wmsAuthSign=[token]/boxnation.stream"}, {"http_stream": "http://play.uktvnow.net:1935/live/bravo9.stream/playlist.m3u8", "cat_name": "USA Ch.", "img": "images/channel_imgs/160116115406bravo.png", "pk_id": "56", "cat_id": "10", "channel_name": "Bravo", "rtmp_stream": "rtmp://play.uktvnow.net/live?wmsAuthSign=[token]/bravo9.stream"}, {"http_stream": "http://play.uktvnow.net:1935/live/bravohd.stream/playlist.m3u8", "cat_name": "USA Ch.", "img": "images/channel_imgs/160116115427bravo.png", "pk_id": "57", "cat_id": "10", "channel_name": "Bravo HD", "rtmp_stream": "rtmp://play.uktvnow.net/live?wmsAuthSign=[token]/bravohd.stream"}, {"http_stream": "http://play.uktvnow.net:1935/live/bteuro.stream/playlist.m3u8", "cat_name": "Sports", "img": "images/channel_imgs/160116115458bte.png", "pk_id": "58", "cat_id": "5", "channel_name": "BT Europe", "rtmp_stream": "rtmp://play.uktvnow.net/live?wmsAuthSign=[token]/bteuro.stream"}, {"http_stream": "http://play.uktvnow.net:1935/live/espnuk.stream/playlist.m3u8", "cat_name": "Sports", "img": "images/channel_imgs/130216115545BT-Sport-ESPN.png", "pk_id": "107", "cat_id": "5", "channel_name": "BT Sport ESPN", "rtmp_stream": "rtmp://play.uktvnow.net/live?wmsAuthSign=[token]/espnuk.stream"}, {"http_stream": "http://play.uktvnow.net:1935/live/bt1.stream/playlist.m3u8", "cat_name": "Sports", "img": "images/channel_imgs/160116115523bt1.jpg", "pk_id": "59", "cat_id": "5", "channel_name": "Bt sports 1", "rtmp_stream": "rtmp://play.uktvnow.net/live?wmsAuthSign=[token]/bt1.stream"}, {"http_stream": "http://play.uktvnow.net:1935/live/bt2.stream/playlist.m3u8", "cat_name": "Sports", "img": "images/channel_imgs/160116115549bt2.jpg", "pk_id": "60", "cat_id": "5", "channel_name": "Bt sports 2", "rtmp_stream": "rtmp://play.uktvnow.net/live?wmsAuthSign=[token]/bt2.stream"}, {"http_stream": "http://play.uktvnow.net:1935/live/cn.stream/playlist.m3u8", "cat_name": "Kids", "img": "images/channel_imgs/160116115659cn.png", "pk_id": "62", "cat_id": "7", "channel_name": "Cartoon Network", "rtmp_stream": "rtmp://play.uktvnow.net/live?wmsAuthSign=[token]/cn.stream"}, {"http_stream": "http://play.uktvnow.net:1935/live/cbs90.stream/playlist.m3u8", "cat_name": "USA Ch.", "img": "images/channel_imgs/160116115741cbs.png", "pk_id": "64", "cat_id": "10", "channel_name": "CBS", "rtmp_stream": "rtmp://play.uktvnow.net/live?wmsAuthSign=[token]/cbs90.stream"}, {"http_stream": "http://play.uktvnow.net:1935/live/cbsaction.stream/playlist.m3u8", "cat_name": "Entertainment", "img": "images/channel_imgs/160116115815cbsac.gif", "pk_id": "65", "cat_id": "1", "channel_name": "CBS Action", "rtmp_stream": "rtmp://play.uktvnow.net/live?wmsAuthSign=[token]/cbsaction.stream"}, {"http_stream": "http://play.uktvnow.net:1935/live/cbsdrama.stream/playlist.m3u8", "cat_name": "Entertainment", "img": "images/channel_imgs/160116115841cbsd.jpg", "pk_id": "66", "cat_id": "1", "channel_name": "CBS Drama", "rtmp_stream": "rtmp://play.uktvnow.net/live?wmsAuthSign=[token]/cbsdrama.stream"}, {"http_stream": "http://play.uktvnow.net:1935/live/cbshd.stream/playlist.m3u8", "cat_name": "USA Ch.", "img": "images/channel_imgs/160116115904cbs.png", "pk_id": "67", "cat_id": "10", "channel_name": "CBS HD", "rtmp_stream": "rtmp://play.uktvnow.net/live?wmsAuthSign=[token]/cbshd.stream"}, {"http_stream": "http://play.uktvnow.net:1935/live/cbsreality.stream/playlist.m3u8", "cat_name": "Entertainment", "img": "images/channel_imgs/160116115930cbsr.jpg", "pk_id": "68", "cat_id": "1", "channel_name": "CBS Reality", "rtmp_stream": "rtmp://play.uktvnow.net/live?wmsAuthSign=[token]/cbsreality.stream"}, {"http_stream": "http://play.uktvnow.net:1935/live/chelsea.stream/playlist.m3u8", "cat_name": "Sports", "img": "images/channel_imgs/160116010005chelsea.png", "pk_id": "78", "cat_id": "5", "channel_name": "Chelsea TV", "rtmp_stream": "rtmp://play.uktvnow.net/live?wmsAuthSign=[token]/chelsea.stream"}, {"http_stream": "http://play.uktvnow.net:1935/live/cnbc9.stream/playlist.m3u8", "cat_name": "News", "img": "images/channel_imgs/160116010822cnbs.png", "pk_id": "80", "cat_id": "4", "channel_name": "CNBC.", "rtmp_stream": "rtmp://play.uktvnow.net/live?wmsAuthSign=[token]/cnbc9.stream"}, {"http_stream": "http://play.uktvnow.net:1935/live/cnn.stream/playlist.m3u8", "cat_name": "News", "img": "images/channel_imgs/160116010851cnn.jpg", "pk_id": "81", "cat_id": "4", "channel_name": "CNN", "rtmp_stream": "rtmp://play.uktvnow.net/live?wmsAuthSign=[token]/cnn.stream"}, {"http_stream": "http://play.uktvnow.net:1935/live/cnn9.stream/playlist.m3u8", "cat_name": "USA Ch.", "img": "images/channel_imgs/160116010910cnn.jpg", "pk_id": "82", "cat_id": "10", "channel_name": "CNN.", "rtmp_stream": "rtmp://play.uktvnow.net/live?wmsAuthSign=[token]/cnn9.stream"}, {"http_stream": "http://play.uktvnow.net:1935/live/colors.stream/playlist.m3u8", "cat_name": "Entertainment", "img": "images/channel_imgs/160116010934color.png", "pk_id": "83", "cat_id": "1", "channel_name": "Colors", "rtmp_stream": "rtmp://play.uktvnow.net/live?wmsAuthSign=[token]/colors.stream"}, {"http_stream": "http://play.uktvnow.net:1935/live/cc.stream/playlist.m3u8", "cat_name": "Entertainment", "img": "images/channel_imgs/160116011001comedy.png", "pk_id": "84", "cat_id": "1", "channel_name": "Comedy Central", "rtmp_stream": "rtmp://play.uktvnow.net/live?wmsAuthSign=[token]/cc.stream"}, {"http_stream": "http://play.uktvnow.net:1935/live/cc9.stream/playlist.m3u8", "cat_name": "USA Ch.", "img": "images/channel_imgs/160116011031comedy.png", "pk_id": "85", "cat_id": "10", "channel_name": "Comedy Central.", "rtmp_stream": "rtmp://play.uktvnow.net/live?wmsAuthSign=[token]/cc9.stream"}, {"http_stream": "http://play.uktvnow.net:1935/live/cw9.stream/playlist.m3u8", "cat_name": "USA Ch.", "img": "images/channel_imgs/160116011155thecw.png", "pk_id": "87", "cat_id": "10", "channel_name": "CW.", "rtmp_stream": "rtmp://play.uktvnow.net/live?wmsAuthSign=[token]/cw9.stream"}, {"http_stream": "http://play.uktvnow.net:1935/live/dave.stream/playlist.m3u8", "cat_name": "Entertainment", "img": "images/channel_imgs/160116011221dave.jpg", "pk_id": "88", "cat_id": "1", "channel_name": "Dave", "rtmp_stream": "rtmp://play.uktvnow.net/live?wmsAuthSign=[token]/dave.stream"}, {"http_stream": "http://play.uktvnow.net:1935/live/discovery.stream/playlist.m3u8", "cat_name": "Documentary", "img": "images/channel_imgs/160116011400disc.jpg", "pk_id": "91", "cat_id": "6", "channel_name": "Discovery", "rtmp_stream": "rtmp://play.uktvnow.net/live?wmsAuthSign=[token]/discovery.stream"}, {"http_stream": "http://play.uktvnow.net:1935/live/discoveryh.stream/playlist.m3u8", "cat_name": "Documentary", "img": "images/channel_imgs/160116011615disht.jpg", "pk_id": "92", "cat_id": "6", "channel_name": "Discovery History", "rtmp_stream": "rtmp://play.uktvnow.net/live?wmsAuthSign=[token]/discoveryh.stream"}, {"http_stream": "http://play.uktvnow.net:1935/live/discoveryi.stream/playlist.m3u8", "cat_name": "Documentary", "img": "images/channel_imgs/070216060719idd.png", "pk_id": "249", "cat_id": "6", "channel_name": "Discovery Investigation", "rtmp_stream": "rtmp://play.uktvnow.net/live?wmsAuthSign=[token]/discoveryi.stream"}, {"http_stream": "http://play.uktvnow.net:1935/live/discoverys.stream/playlist.m3u8", "cat_name": "Documentary", "img": "images/channel_imgs/160116011644dissc.png", "pk_id": "93", "cat_id": "6", "channel_name": "Discovery Science", "rtmp_stream": "rtmp://play.uktvnow.net/live?wmsAuthSign=[token]/discoverys.stream"}, {"http_stream": "http://play.uktvnow.net:1935/live/discoveryshed.stream/playlist.m3u8", "cat_name": "Documentary", "img": "images/channel_imgs/070216081748150px-Discovery_Shed.png", "pk_id": "268", "cat_id": "6", "channel_name": "Discovery Shed", "rtmp_stream": "rtmp://play.uktvnow.net/live?wmsAuthSign=[token]/discoveryshed.stream"}, {"http_stream": "http://play.uktvnow.net:1935/live/discoveryturbo.stream/playlist.m3u8", "cat_name": "Documentary", "img": "images/channel_imgs/070216081612turb.jpg", "pk_id": "267", "cat_id": "6", "channel_name": "Discovery Turbo", "rtmp_stream": "rtmp://play.uktvnow.net/live?wmsAuthSign=[token]/discoveryturbo.stream"}, {"http_stream": "http://play.uktvnow.net:1935/live/discovery9.stream/playlist.m3u8", "cat_name": "USA Ch.", "img": "images/channel_imgs/160116011727disc.jpg", "pk_id": "94", "cat_id": "10", "channel_name": "Discovery.", "rtmp_stream": "rtmp://play.uktvnow.net/live?wmsAuthSign=[token]/discovery9.stream"}, {"http_stream": "http://play.uktvnow.net:1935/live/disney.stream/playlist.m3u8", "cat_name": "Kids", "img": "images/channel_imgs/160116012005disnep.jpg", "pk_id": "95", "cat_id": "7", "channel_name": "Disney", "rtmp_stream": "rtmp://play.uktvnow.net/live?wmsAuthSign=[token]/disney.stream"}, {"http_stream": "http://play.uktvnow.net:1935/live/disneyjr.stream/playlist.m3u8", "cat_name": "Kids", "img": "images/channel_imgs/160116014600disj.jpg", "pk_id": "96", "cat_id": "7", "channel_name": "Disney Junior", "rtmp_stream": "rtmp://play.uktvnow.net/live?wmsAuthSign=[token]/disneyjr.stream"}, {"http_stream": "http://play.uktvnow.net:1935/live/disneyxd4/playlist.m3u8", "cat_name": "Kids", "img": "images/channel_imgs/070216061240disneyxd.png", "pk_id": "250", "cat_id": "7", "channel_name": "Disney XD", "rtmp_stream": "rtmp://play.uktvnow.net/live?wmsAuthSign=[token]/disneyxd4"}, {"http_stream": "http://play.uktvnow.net:1935/live/dmax.stream/playlist.m3u8", "cat_name": "Entertainment", "img": "images/channel_imgs/160116014633dmax.png", "pk_id": "97", "cat_id": "1", "channel_name": "Dmax", "rtmp_stream": "rtmp://play.uktvnow.net/live?wmsAuthSign=[token]/dmax.stream"}, {"http_stream": "http://play.uktvnow.net:1935/live/drama.stream/playlist.m3u8", "cat_name": "Entertainment", "img": "images/channel_imgs/160116014708drama.jpg", "pk_id": "98", "cat_id": "1", "channel_name": "Drama", "rtmp_stream": "rtmp://play.uktvnow.net/live?wmsAuthSign=[token]/drama.stream"}, {"http_stream": "http://play.uktvnow.net:1935/live/ee.stream/playlist.m3u8", "cat_name": "Entertainment", "img": "images/channel_imgs/160116014852en.png", "pk_id": "99", "cat_id": "1", "channel_name": "E", "rtmp_stream": "rtmp://play.uktvnow.net/live?wmsAuthSign=[token]/ee.stream"}, {"http_stream": "http://play.uktvnow.net:1935/live/e4.stream/playlist.m3u8", "cat_name": "Entertainment", "img": "images/channel_imgs/160116014921e4.jpg", "pk_id": "100", "cat_id": "1", "channel_name": "E4", "rtmp_stream": "rtmp://play.uktvnow.net/live?wmsAuthSign=[token]/e4.stream"}, {"http_stream": "http://play.uktvnow.net:1935/live/espn91.stream/playlist.m3u8", "cat_name": "Sports", "img": "images/channel_imgs/160116015231espn.png", "pk_id": "101", "cat_id": "5", "channel_name": "ESPN", "rtmp_stream": "rtmp://play.uktvnow.net/live?wmsAuthSign=[token]/espn91.stream"}, {"http_stream": "http://play.uktvnow.net:1935/live/espn2hd.stream/playlist.m3u8", "cat_name": "Sports", "img": "images/channel_imgs/190116044202espn2.png", "pk_id": "104", "cat_id": "5", "channel_name": "ESPN 2", "rtmp_stream": "rtmp://play.uktvnow.net/live?wmsAuthSign=[token]/espn2hd.stream"}, {"http_stream": "http://play.uktvnow.net:1935/live/espnusahd.stream/playlist.m3u8", "cat_name": "Sports", "img": "images/channel_imgs/190116044229espn.jpg", "pk_id": "105", "cat_id": "5", "channel_name": "Espn HD", "rtmp_stream": "rtmp://play.uktvnow.net/live?wmsAuthSign=[token]/espnusahd.stream"}, {"http_stream": "http://play.uktvnow.net:1935/live/espnnews.stream/playlist.m3u8", "cat_name": "USA Ch.", "img": "images/channel_imgs/190116044259espnnew.gif", "pk_id": "106", "cat_id": "10", "channel_name": "ESPN News", "rtmp_stream": "rtmp://play.uktvnow.net/live?wmsAuthSign=[token]/espnnews.stream"}, {"http_stream": "http://play.uktvnow.net:1935/live/eurosport10.stream/playlist.m3u8", "cat_name": "Sports", "img": "images/channel_imgs/190116044352euro.png", "pk_id": "108", "cat_id": "5", "channel_name": "Euro Sport", "rtmp_stream": "rtmp://play.uktvnow.net/live?wmsAuthSign=[token]/eurosport10.stream"}, {"http_stream": "http://play.uktvnow.net:1935/live/eurosport2.stream/playlist.m3u8", "cat_name": "Sports", "img": "images/channel_imgs/190116044416euro2.jpg", "pk_id": "109", "cat_id": "5", "channel_name": "Euro Sport 2", "rtmp_stream": "rtmp://play.uktvnow.net/live?wmsAuthSign=[token]/eurosport2.stream"}, {"http_stream": "http://play.uktvnow.net:1935/live/expressent.stream/playlist.m3u8", "cat_name": "Entertainment", "img": "images/channel_imgs/190116044439ex.png", "pk_id": "110", "cat_id": "1", "channel_name": "Express Ent.", "rtmp_stream": "rtmp://play.uktvnow.net/live?wmsAuthSign=[token]/expressent.stream"}, {"http_stream": "http://play.uktvnow.net:1935/live/expressnews.stream/playlist.m3u8", "cat_name": "News", "img": "images/channel_imgs/190116044506news.png", "pk_id": "111", "cat_id": "4", "channel_name": "Express News", "rtmp_stream": "rtmp://play.uktvnow.net/live?wmsAuthSign=[token]/expressnews.stream"}, {"http_stream": "http://play.uktvnow.net:1935/live/film4.stream/playlist.m3u8", "cat_name": "Movies", "img": "images/channel_imgs/190116044643film.png", "pk_id": "112", "cat_id": "2", "channel_name": "Film 4", "rtmp_stream": "rtmp://play.uktvnow.net/live?wmsAuthSign=[token]/film4.stream"}, {"http_stream": "http://play.uktvnow.net:1935/live/five.stream/playlist.m3u8", "cat_name": "Entertainment", "img": "images/channel_imgs/190116044730fine.jpg", "pk_id": "113", "cat_id": "1", "channel_name": "Five", "rtmp_stream": "rtmp://play.uktvnow.net/live?wmsAuthSign=[token]/five.stream"}, {"http_stream": "http://play.uktvnow.net:1935/live/flava.stream/playlist.m3u8", "cat_name": "Entertainment", "img": "images/channel_imgs/190116044752flava.jpg", "pk_id": "114", "cat_id": "1", "channel_name": "Flava", "rtmp_stream": "rtmp://play.uktvnow.net/live?wmsAuthSign=[token]/flava.stream"}, {"http_stream": "http://play.uktvnow.net:1935/live/foodnetwork.stream/playlist.m3u8", "cat_name": "Food", "img": "images/channel_imgs/190116044823food.jpg", "pk_id": "115", "cat_id": "8", "channel_name": "Food Network", "rtmp_stream": "rtmp://play.uktvnow.net/live?wmsAuthSign=[token]/foodnetwork.stream"}, {"http_stream": "http://play.uktvnow.net:1935/live/fox9.stream/playlist.m3u8", "cat_name": "USA Ch.", "img": "images/channel_imgs/190116045107fox.gif", "pk_id": "117", "cat_id": "10", "channel_name": "Fox", "rtmp_stream": "rtmp://play.uktvnow.net/live?wmsAuthSign=[token]/fox9.stream"}, {"http_stream": "http://play.uktvnow.net:1935/live/foxhd.stream/playlist.m3u8", "cat_name": "USA Ch.", "img": "images/channel_imgs/190116045129fox.gif", "pk_id": "118", "cat_id": "10", "channel_name": "Fox HD", "rtmp_stream": "rtmp://play.uktvnow.net/live?wmsAuthSign=[token]/foxhd.stream"}, {"http_stream": "http://play.uktvnow.net:1935/live/foxnews9.stream/playlist.m3u8", "cat_name": "USA Ch.", "img": "images/channel_imgs/190116045208foxnew.png", "pk_id": "119", "cat_id": "10", "channel_name": "Fox News", "rtmp_stream": "rtmp://play.uktvnow.net/live?wmsAuthSign=[token]/foxnews9.stream"}, {"http_stream": "http://play.uktvnow.net:1935/live/foxsports1.stream/playlist.m3u8", "cat_name": "Sports", "img": "images/channel_imgs/190116045235foxsp1.jpg", "pk_id": "120", "cat_id": "5", "channel_name": "Fox Sports 1", "rtmp_stream": "rtmp://play.uktvnow.net/live?wmsAuthSign=[token]/foxsports1.stream"}, {"http_stream": "http://play.uktvnow.net:1935/live/foxsports2.stream/playlist.m3u8", "cat_name": "Sports", "img": "images/channel_imgs/190116045256fox2.jpg", "pk_id": "121", "cat_id": "5", "channel_name": "Fox Sports 2", "rtmp_stream": "rtmp://play.uktvnow.net/live?wmsAuthSign=[token]/foxsports2.stream"}, {"http_stream": "http://play.uktvnow.net:1935/live/foxuk.stream/playlist.m3u8", "cat_name": "Entertainment", "img": "images/channel_imgs/290616022614fox.jpg", "pk_id": "290", "cat_id": "1", "channel_name": "Fox UK", "rtmp_stream": "rtmp://play.uktvnow.net/live?wmsAuthSign=[token]/foxuk.stream"}, {"http_stream": "http://play.uktvnow.net:1935/live/fx9.stream/playlist.m3u8", "cat_name": "USA Ch.", "img": "images/channel_imgs/190116045335fx.png", "pk_id": "123", "cat_id": "10", "channel_name": "FX.", "rtmp_stream": "rtmp://play.uktvnow.net/live?wmsAuthSign=[token]/fx9.stream"}, {"http_stream": "http://play.uktvnow.net:1935/live/geonews.stream/playlist.m3u8", "cat_name": "News", "img": "images/channel_imgs/190116045410geo.png", "pk_id": "124", "cat_id": "4", "channel_name": "Geo News", "rtmp_stream": "rtmp://play.uktvnow.net/live?wmsAuthSign=[token]/geonews.stream"}, {"http_stream": "http://play.uktvnow.net:1935/live/golf.stream/playlist.m3u8", "cat_name": "Sports", "img": "images/channel_imgs/190116045453golf.png", "pk_id": "125", "cat_id": "5", "channel_name": "Golf Channel", "rtmp_stream": "rtmp://play.uktvnow.net/live?wmsAuthSign=[token]/golf.stream"}, {"http_stream": "http://play.uktvnow.net:1935/live/h2.stream/playlist.m3u8", "cat_name": "USA Ch.", "img": "images/channel_imgs/190116045546h2.jpg", "pk_id": "126", "cat_id": "10", "channel_name": "H2", "rtmp_stream": "rtmp://play.uktvnow.net/live?wmsAuthSign=[token]/h2.stream"}, {"http_stream": "http://play.uktvnow.net:1935/live/heart.stream/playlist.m3u8", "cat_name": "Entertainment", "img": "images/channel_imgs/190116045758hear.jpg", "pk_id": "129", "cat_id": "1", "channel_name": "Heart", "rtmp_stream": "rtmp://play.uktvnow.net/live?wmsAuthSign=[token]/heart.stream"}, {"http_stream": "http://play.uktvnow.net:1935/live/hgtv.stream/playlist.m3u8", "cat_name": "USA Ch.", "img": "images/channel_imgs/190116045843hgt.png", "pk_id": "130", "cat_id": "10", "channel_name": "HGTV", "rtmp_stream": "rtmp://play.uktvnow.net/live?wmsAuthSign=[token]/hgtv.stream"}, {"http_stream": "http://play.uktvnow.net:1935/live/history.stream/playlist.m3u8", "cat_name": "Documentary", "img": "images/channel_imgs/190116045928his.jpg", "pk_id": "131", "cat_id": "6", "channel_name": "History", "rtmp_stream": "rtmp://play.uktvnow.net/live?wmsAuthSign=[token]/history.stream"}, {"http_stream": "http://play.uktvnow.net:1935/live/historyhd.stream/playlist.m3u8", "cat_name": "USA Ch.", "img": "images/channel_imgs/190116050001his.jpg", "pk_id": "132", "cat_id": "10", "channel_name": "History HD", "rtmp_stream": "rtmp://play.uktvnow.net/live?wmsAuthSign=[token]/historyhd.stream"}, {"http_stream": "http://play.uktvnow.net:1935/live/history9.stream/playlist.m3u8", "cat_name": "USA Ch.", "img": "images/channel_imgs/190116050031his.jpg", "pk_id": "133", "cat_id": "10", "channel_name": "History.", "rtmp_stream": "rtmp://play.uktvnow.net/live?wmsAuthSign=[token]/history9.stream"}, {"http_stream": "http://play.uktvnow.net:1935/live/humtv.stream/playlist.m3u8", "cat_name": "Entertainment", "img": "images/channel_imgs/190116050106hum.png", "pk_id": "134", "cat_id": "1", "channel_name": "Hum TV", "rtmp_stream": "rtmp://play.uktvnow.net/live?wmsAuthSign=[token]/humtv.stream"}, {"http_stream": "http://etv_marathi-lh.akamaihd.net/i/etv_marathi_n_1@87184/master.m3u8", "cat_name": "News", "img": "images/channel_imgs/190116050200ibn.gif", "pk_id": "135", "cat_id": "4", "channel_name": "IBN Marathi", "rtmp_stream": "http://etv_marathi-lh.akamaihd.net/i/etv_marathi_n_1@87184/master.m3u8"}, {"http_stream": "http://indiatvnews-lh.akamaihd.net/i/ITV_1@199237//master.m3u8", "cat_name": "News", "img": "images/channel_imgs/190116050247india.gif", "pk_id": "136", "cat_id": "4", "channel_name": "India TV", "rtmp_stream": "http://indiatvnews-lh.akamaihd.net/i/ITV_1@199237//master.m3u8"}, {"http_stream": "http://play.uktvnow.net:1935/live/itv11.stream/playlist.m3u8", "cat_name": "Entertainment", "img": "images/channel_imgs/190116050342itv.png", "pk_id": "137", "cat_id": "1", "channel_name": "ITV", "rtmp_stream": "rtmp://play.uktvnow.net/live?wmsAuthSign=[token]/itv11.stream"}, {"http_stream": "http://play.uktvnow.net:1935/live/itvencore.stream/playlist.m3u8", "cat_name": "Entertainment", "img": "images/channel_imgs/070216062130ITV_Encore_3D.png", "pk_id": "252", "cat_id": "1", "channel_name": "ITV Encore", "rtmp_stream": "rtmp://play.uktvnow.net/live?wmsAuthSign=[token]/itvencore.stream"}, {"http_stream": "http://play.uktvnow.net:1935/live/itv11.stream/playlist.m3u8", "cat_name": "Entertainment", "img": "images/channel_imgs/190116050413itv1.png", "pk_id": "138", "cat_id": "1", "channel_name": "ITV+", "rtmp_stream": "rtmp://play.uktvnow.net/live?wmsAuthSign=[token]/itv11.stream"}, {"http_stream": "http://play.uktvnow.net:1935/live/itv2.stream/playlist.m3u8", "cat_name": "Entertainment", "img": "images/channel_imgs/190116050434itv2.jpg", "pk_id": "139", "cat_id": "1", "channel_name": "ITV2", "rtmp_stream": "rtmp://play.uktvnow.net/live?wmsAuthSign=[token]/itv2.stream"}, {"http_stream": "http://play.uktvnow.net:1935/live/itv3.stream/playlist.m3u8", "cat_name": "Entertainment", "img": "images/channel_imgs/190116050519itv3.jpg", "pk_id": "140", "cat_id": "1", "channel_name": "ITV3", "rtmp_stream": "rtmp://play.uktvnow.net/live?wmsAuthSign=[token]/itv3.stream"}, {"http_stream": "http://play.uktvnow.net:1935/live/itv4.stream/playlist.m3u8", "cat_name": "Entertainment", "img": "images/channel_imgs/200116012425itv4.jpg", "pk_id": "142", "cat_id": "1", "channel_name": "ITV4", "rtmp_stream": "rtmp://play.uktvnow.net/live?wmsAuthSign=[token]/itv4.stream"}, {"http_stream": "http://38.96.148.99:1935/live2/jaagtv/playlist.m3u8", "cat_name": "News", "img": "images/channel_imgs/200116012500jaag.png", "pk_id": "143", "cat_id": "4", "channel_name": "Jaag TV", "rtmp_stream": "http://38.96.148.99:1935/live2/jaagtv/playlist.m3u8"}, {"http_stream": "http://play.uktvnow.net:1935/live/lfctv.stream/playlist.m3u8", "cat_name": "Sports", "img": "images/channel_imgs/200116013110lfc.jpg", "pk_id": "145", "cat_id": "5", "channel_name": "LFC TV", "rtmp_stream": "rtmp://play.uktvnow.net/live?wmsAuthSign=[token]/lfctv.stream"}, {"http_stream": "http://play.uktvnow.net:1935/live/lifetime9.stream/playlist.m3u8", "cat_name": "USA Ch.", "img": "images/channel_imgs/200116013131life.png", "pk_id": "146", "cat_id": "10", "channel_name": "Lifetime", "rtmp_stream": "rtmp://play.uktvnow.net/live?wmsAuthSign=[token]/lifetime9.stream"}, {"http_stream": "http://play.uktvnow.net:1935/live/lifetimeuk.stream/playlist.m3u8", "cat_name": "Entertainment", "img": "images/channel_imgs/290616023408lifetim.jpg", "pk_id": "297", "cat_id": "1", "channel_name": "Lifetime UK", "rtmp_stream": "rtmp://play.uktvnow.net/live?wmsAuthSign=[token]/lifetimeuk.stream"}, {"http_stream": "http://madanichannel.videocdn.scaleengine.net:1935/madanichannel-live/play/mp4:mc720/playlist.m3u8", "cat_name": "Religious", "img": "images/channel_imgs/230116101005madni.jpg", "pk_id": "245", "cat_id": "9", "channel_name": "Madni Channel", "rtmp_stream": "rtmp://madanichannel.videocdn.scaleengine.net/madanichannel-live/play/mp4:mc720"}, {"http_stream": "http://play.uktvnow.net:1935/live/mlb.stream/playlist.m3u8", "cat_name": "Sports", "img": "images/channel_imgs/200116013246mlb.png", "pk_id": "148", "cat_id": "5", "channel_name": "MLB Network", "rtmp_stream": "rtmp://play.uktvnow.net/live?wmsAuthSign=[token]/mlb.stream"}, {"http_stream": "http://play.uktvnow.net:1935/live/motorstvuk.stream/playlist.m3u8", "cat_name": "Sports", "img": "images/channel_imgs/290616023050motor.jpg", "pk_id": "294", "cat_id": "5", "channel_name": "Motors Tv", "rtmp_stream": "rtmp://play.uktvnow.net/live?wmsAuthSign=[token]/motorstvuk.stream"}, {"http_stream": "http://play.uktvnow.net:1935/live/movies4men.stream/playlist.m3u8", "cat_name": "Movies", "img": "images/channel_imgs/290616022957m3m.png", "pk_id": "293", "cat_id": "2", "channel_name": "Movies 4 Men", "rtmp_stream": "rtmp://play.uktvnow.net/live?wmsAuthSign=[token]/movies4men.stream"}, {"http_stream": "http://play.uktvnow.net:1935/live/mtvmusic.stream/playlist.m3u8", "cat_name": "Music", "img": "images/channel_imgs/200116013341mtv.jpg", "pk_id": "150", "cat_id": "3", "channel_name": "MTV", "rtmp_stream": "rtmp://play.uktvnow.net/live?wmsAuthSign=[token]/mtvmusic.stream"}, {"http_stream": "http://play.uktvnow.net:1935/live/mtvclassic.stream/playlist.m3u8", "cat_name": "Music", "img": "images/channel_imgs/200116013404mtvclas.png", "pk_id": "151", "cat_id": "3", "channel_name": "MTV Classic", "rtmp_stream": "rtmp://play.uktvnow.net/live?wmsAuthSign=[token]/mtvclassic.stream"}, {"http_stream": "http://play.uktvnow.net:1935/live/mtvdance.stream/playlist.m3u8", "cat_name": "Music", "img": "images/channel_imgs/290616023145mtvd.png", "pk_id": "295", "cat_id": "3", "channel_name": "MTV Dance", "rtmp_stream": "rtmp://play.uktvnow.net/live?wmsAuthSign=[token]/mtvdance.stream"}, {"http_stream": "http://play.uktvnow.net:1935/live/mtvhits.stream/playlist.m3u8", "cat_name": "Music", "img": "images/channel_imgs/200116013431mtvhits.png", "pk_id": "152", "cat_id": "3", "channel_name": "MTV Hits", "rtmp_stream": "rtmp://play.uktvnow.net/live?wmsAuthSign=[token]/mtvhits.stream"}, {"http_stream": "http://play.uktvnow.net:1935/live/mtvrocks.stream/playlist.m3u8", "cat_name": "Music", "img": "images/channel_imgs/290616023224mtvr.png", "pk_id": "296", "cat_id": "3", "channel_name": "MTV Rocks", "rtmp_stream": "rtmp://play.uktvnow.net/live?wmsAuthSign=[token]/mtvrocks.stream"}, {"http_stream": "http://play.uktvnow.net:1935/live/mutv.stream/playlist.m3u8", "cat_name": "Sports", "img": "images/channel_imgs/200116020618mutv.gif", "pk_id": "154", "cat_id": "5", "channel_name": "MU TV", "rtmp_stream": "rtmp://play.uktvnow.net/live?wmsAuthSign=[token]/mutv.stream"}, {"http_stream": "http://play.uktvnow.net:1935/live/natgeo.stream/playlist.m3u8", "cat_name": "Documentary", "img": "images/channel_imgs/200116020643natgeo.jpg", "pk_id": "155", "cat_id": "6", "channel_name": "Nat Geo", "rtmp_stream": "rtmp://play.uktvnow.net/live?wmsAuthSign=[token]/natgeo.stream"}, {"http_stream": "http://play.uktvnow.net:1935/live/natgeowild.stream/playlist.m3u8", "cat_name": "Documentary", "img": "images/channel_imgs/200116020726wild.jpg", "pk_id": "157", "cat_id": "6", "channel_name": "Nat Geo Wild", "rtmp_stream": "rtmp://play.uktvnow.net/live?wmsAuthSign=[token]/natgeowild.stream"}, {"http_stream": "http://play.uktvnow.net:1935/live/natgeo9.stream/playlist.m3u8", "cat_name": "USA Ch.", "img": "images/channel_imgs/200116020816natgeo.jpg", "pk_id": "158", "cat_id": "10", "channel_name": "Nat Geo.", "rtmp_stream": "rtmp://play.uktvnow.net/live?wmsAuthSign=[token]/natgeo9.stream"}, {"http_stream": "http://play.uktvnow.net:1935/live/nba.stream/playlist.m3u8", "cat_name": "Sports", "img": "images/channel_imgs/200116020842nba.png", "pk_id": "159", "cat_id": "5", "channel_name": "NBA TV", "rtmp_stream": "rtmp://play.uktvnow.net/live?wmsAuthSign=[token]/nba.stream"}, {"http_stream": "http://play.uktvnow.net:1935/live/nbc9.stream/playlist.m3u8", "cat_name": "USA Ch.", "img": "images/channel_imgs/200116020902nbc.jpg", "pk_id": "160", "cat_id": "10", "channel_name": "NBC", "rtmp_stream": "rtmp://play.uktvnow.net/live?wmsAuthSign=[token]/nbc9.stream"}, {"http_stream": "http://play.uktvnow.net:1935/live/nbchd2.stream/playlist.m3u8", "cat_name": "USA Ch.", "img": "images/channel_imgs/200116020927nbc.jpg", "pk_id": "161", "cat_id": "10", "channel_name": "NBC HD", "rtmp_stream": "rtmp://play.uktvnow.net/live?wmsAuthSign=[token]/nbchd2.stream"}, {"http_stream": "http://play.uktvnow.net:1935/live/nbcsn.stream/playlist.m3u8", "cat_name": "Sports", "img": "images/channel_imgs/200116020945nbcsn.png", "pk_id": "162", "cat_id": "5", "channel_name": "NBCSN", "rtmp_stream": "rtmp://play.uktvnow.net/live?wmsAuthSign=[token]/nbcsn.stream"}, {"http_stream": "http://play.uktvnow.net:1935/live/nfl.stream/playlist.m3u8", "cat_name": "Sports", "img": "images/channel_imgs/200116021039nfl.jpg", "pk_id": "164", "cat_id": "5", "channel_name": "NFL Network", "rtmp_stream": "rtmp://play.uktvnow.net/live?wmsAuthSign=[token]/nfl.stream"}, {"http_stream": "http://play.uktvnow.net:1935/live/nick.stream/playlist.m3u8", "cat_name": "Kids", "img": "images/channel_imgs/200116021059nick.png", "pk_id": "165", "cat_id": "7", "channel_name": "Nick", "rtmp_stream": "rtmp://play.uktvnow.net/live?wmsAuthSign=[token]/nick.stream"}, {"http_stream": "http://play.uktvnow.net:1935/live/nicktoons.stream/playlist.m3u8", "cat_name": "Kids", "img": "images/channel_imgs/200116021120nicktoons.png", "pk_id": "166", "cat_id": "7", "channel_name": "Nick Toons", "rtmp_stream": "rtmp://play.uktvnow.net/live?wmsAuthSign=[token]/nicktoons.stream"}, {"http_stream": "http://play.uktvnow.net:1935/live/nick9.stream/playlist.m3u8", "cat_name": "USA Ch.", "img": "images/channel_imgs/200116021225nick.png", "pk_id": "167", "cat_id": "10", "channel_name": "Nick.", "rtmp_stream": "rtmp://play.uktvnow.net/live?wmsAuthSign=[token]/nick9.stream"}, {"http_stream": "http://xrxs.net/video/live-p12netw-1728.m3u8", "cat_name": "Sports", "img": "images/channel_imgs/200116033519pac12.png", "pk_id": "168", "cat_id": "5", "channel_name": "Pac 12", "rtmp_stream": "http://xrxs.net/video/live-p12netw-1728.m3u8"}, {"http_stream": "http://play.uktvnow.net:1935/live/pbs9.stream/playlist.m3u8", "cat_name": "USA Ch.", "img": "images/channel_imgs/200116033816pbs.png", "pk_id": "169", "cat_id": "10", "channel_name": "PBS", "rtmp_stream": "rtmp://play.uktvnow.net/live?wmsAuthSign=[token]/pbs9.stream"}, {"http_stream": "http://play.uktvnow.net:1935/live/prem.stream/playlist.m3u8", "cat_name": "Sports", "img": "images/channel_imgs/200116033917prem.png", "pk_id": "170", "cat_id": "5", "channel_name": "Premier Sports", "rtmp_stream": "rtmp://play.uktvnow.net/live?wmsAuthSign=[token]/prem.stream"}, {"http_stream": "http://app.pakistanvision.tv:1935/live/PTVhome/player.m3u8", "cat_name": "Entertainment", "img": "images/channel_imgs/200116034816ptvh.gif", "pk_id": "172", "cat_id": "1", "channel_name": "PTV Home", "rtmp_stream": "rtmp://app.pakistanvision.tv:1935/live/PTVhome"}, {"http_stream": "http://app.pakistanvision.tv:1935/live/PTVnews/player.m3u8", "cat_name": "News", "img": "images/channel_imgs/200116034843ptvn.jpg", "pk_id": "173", "cat_id": "4", "channel_name": "PTV News", "rtmp_stream": "rtmp://app.pakistanvision.tv:1935/live/PTVnews"}, {"http_stream": "http://play.uktvnow.net:1935/live/ptvsports.stream/playlist.m3u8", "cat_name": "Sports", "img": "images/channel_imgs/200116034954ptvs.PNG", "pk_id": "174", "cat_id": "5", "channel_name": "PTV Sports", "rtmp_stream": "rtmp://play.uktvnow.net/live?wmsAuthSign=[token]/ptvsports.stream"}, {"http_stream": "http://app.pakistanvision.tv:1935/live/8090/chunklist.m3u8", "cat_name": "News", "img": "images/channel_imgs/200116035111worl.jpg", "pk_id": "176", "cat_id": "4", "channel_name": "PTV World", "rtmp_stream": "rtmp://app.pakistanvision.tv:1935/live/8090"}, {"http_stream": "http://play.uktvnow.net:1935/live/quest.stream/playlist.m3u8", "cat_name": "Entertainment", "img": "images/channel_imgs/200116035140quest.jpg", "pk_id": "177", "cat_id": "1", "channel_name": "Quest", "rtmp_stream": "rtmp://play.uktvnow.net/live?wmsAuthSign=[token]/quest.stream"}, {"http_stream": "http://play.uktvnow.net:1935/live/racinguk.stream/playlist.m3u8", "cat_name": "Sports", "img": "images/channel_imgs/200116035209racing.png", "pk_id": "178", "cat_id": "5", "channel_name": "Racing UK", "rtmp_stream": "rtmp://play.uktvnow.net/live?wmsAuthSign=[token]/racinguk.stream"}, {"http_stream": "http://play.uktvnow.net:1935/live/rte1.stream/playlist.m3u8", "cat_name": "Entertainment", "img": "images/channel_imgs/200116035234rteo.jpg", "pk_id": "179", "cat_id": "1", "channel_name": "RTE One", "rtmp_stream": "rtmp://play.uktvnow.net/live?wmsAuthSign=[token]/rte1.stream"}, {"http_stream": "http://play.uktvnow.net:1935/live/rte2.stream/playlist.m3u8", "cat_name": "Entertainment", "img": "images/channel_imgs/200116035301rte2.jpg", "pk_id": "180", "cat_id": "1", "channel_name": "RTE Two", "rtmp_stream": "rtmp://play.uktvnow.net/live?wmsAuthSign=[token]/rte2.stream"}, {"http_stream": "http://play.uktvnow.net:1935/live/samanews.stream/playlist.m3u8", "cat_name": "News", "img": "images/channel_imgs/200116035532sama.jpg", "pk_id": "183", "cat_id": "4", "channel_name": "Sama News", "rtmp_stream": "rtmp://play.uktvnow.net/live?wmsAuthSign=[token]/samanews.stream"}, {"http_stream": "http://play.uktvnow.net:1935/live/setanta.stream/playlist.m3u8", "cat_name": "Sports", "img": "images/channel_imgs/200116035743seti.jpg", "pk_id": "186", "cat_id": "5", "channel_name": "Setanta Ireland", "rtmp_stream": "rtmp://play.uktvnow.net/live?wmsAuthSign=[token]/setanta.stream"}, {"http_stream": "http://play.uktvnow.net:1935/live/sky10.stream/playlist.m3u8", "cat_name": "Entertainment", "img": "images/channel_imgs/200116040021sky1.jpg", "pk_id": "189", "cat_id": "1", "channel_name": "Sky 1", "rtmp_stream": "rtmp://play.uktvnow.net/live?wmsAuthSign=[token]/sky10.stream"}, {"http_stream": "http://play.uktvnow.net:1935/live/sky2.stream/playlist.m3u8", "cat_name": "Entertainment", "img": "images/channel_imgs/200116040045sky2.png", "pk_id": "190", "cat_id": "1", "channel_name": "Sky 2", "rtmp_stream": "rtmp://play.uktvnow.net/live?wmsAuthSign=[token]/sky2.stream"}, {"http_stream": "http://play.uktvnow.net:1935/live/skyarts1.stream/playlist.m3u8", "cat_name": "Entertainment", "img": "images/channel_imgs/200116040113sky arts1.jpg", "pk_id": "191", "cat_id": "1", "channel_name": "Sky Arts 1", "rtmp_stream": "rtmp://play.uktvnow.net/live?wmsAuthSign=[token]/skyarts1.stream"}, {"http_stream": "http://play.uktvnow.net:1935/live/skyatlantic.stream/playlist.m3u8", "cat_name": "Entertainment", "img": "images/channel_imgs/200116040143sky anta.jpg", "pk_id": "192", "cat_id": "1", "channel_name": "Sky Atlantic", "rtmp_stream": "rtmp://play.uktvnow.net/live?wmsAuthSign=[token]/skyatlantic.stream"}, {"http_stream": "http://play.uktvnow.net:1935/live/mcomedy.stream/playlist.m3u8", "cat_name": "Movies", "img": "images/channel_imgs/200116040205com.jpg", "pk_id": "193", "cat_id": "2", "channel_name": "Sky Comedy", "rtmp_stream": "rtmp://play.uktvnow.net/live?wmsAuthSign=[token]/mcomedy.stream"}, {"http_stream": "http://play.uktvnow.net:1935/live/mdisney.stream/playlist.m3u8", "cat_name": "Movies", "img": "images/channel_imgs/200116040235disn.jpg", "pk_id": "194", "cat_id": "2", "channel_name": "Sky Disnep", "rtmp_stream": "rtmp://play.uktvnow.net/live?wmsAuthSign=[token]/mdisney.stream"}, {"http_stream": "http://play.uktvnow.net:1935/live/skyliving.stream/playlist.m3u8", "cat_name": "Entertainment", "img": "images/channel_imgs/200116040420liv.png", "pk_id": "195", "cat_id": "1", "channel_name": "Sky Living", "rtmp_stream": "rtmp://play.uktvnow.net/live?wmsAuthSign=[token]/skyliving.stream"}, {"http_stream": "http://play.uktvnow.net:1935/live/maction.stream/playlist.m3u8", "cat_name": "Movies", "img": "images/channel_imgs/200116040508action.jpg", "pk_id": "196", "cat_id": "2", "channel_name": "Sky Movies Action", "rtmp_stream": "rtmp://play.uktvnow.net/live?wmsAuthSign=[token]/maction.stream"}, {"http_stream": "http://play.uktvnow.net:1935/live/mcrime.stream/playlist.m3u8", "cat_name": "Movies", "img": "images/channel_imgs/200116040646crime.jpg", "pk_id": "198", "cat_id": "2", "channel_name": "Sky Movies Crime", "rtmp_stream": "rtmp://play.uktvnow.net/live?wmsAuthSign=[token]/mcrime.stream"}, {"http_stream": "http://play.uktvnow.net:1935/live/mdrama.stream/playlist.m3u8", "cat_name": "Movies", "img": "images/channel_imgs/200116040745drama.png", "pk_id": "199", "cat_id": "2", "channel_name": "Sky Movies Drama", "rtmp_stream": "rtmp://play.uktvnow.net/live?wmsAuthSign=[token]/mdrama.stream"}, {"http_stream": "http://play.uktvnow.net:1935/live/mfamily.stream/playlist.m3u8", "cat_name": "Movies", "img": "images/channel_imgs/200116040807famil.jpg", "pk_id": "200", "cat_id": "2", "channel_name": "Sky Movies Family", "rtmp_stream": "rtmp://play.uktvnow.net/live?wmsAuthSign=[token]/mfamily.stream"}, {"http_stream": "http://play.uktvnow.net:1935/live/mgreats.stream/playlist.m3u8", "cat_name": "Movies", "img": "images/channel_imgs/070216062713greats.png", "pk_id": "253", "cat_id": "2", "channel_name": "Sky Movies Greats", "rtmp_stream": "rtmp://play.uktvnow.net/live?wmsAuthSign=[token]/mgreats.stream"}, {"http_stream": "http://play.uktvnow.net:1935/live/mpremiere.stream/playlist.m3u8", "cat_name": "Movies", "img": "images/channel_imgs/200116040916premi.jpg", "pk_id": "201", "cat_id": "2", "channel_name": "Sky Movies Premiere", "rtmp_stream": "rtmp://play.uktvnow.net/live?wmsAuthSign=[token]/mpremiere.stream"}, {"http_stream": "http://play.uktvnow.net:1935/live/mscifi.stream/playlist.m3u8", "cat_name": "Movies", "img": "images/channel_imgs/200116040946horror.jpg", "pk_id": "202", "cat_id": "2", "channel_name": "Sky Movies Scifi", "rtmp_stream": "rtmp://play.uktvnow.net/live?wmsAuthSign=[token]/mscifi.stream"}, {"http_stream": "http://play.uktvnow.net:1935/live/mselect.stream/playlist.m3u8", "cat_name": "Movies", "img": "images/channel_imgs/070216062955select_1426076182.jpg", "pk_id": "254", "cat_id": "2", "channel_name": "Sky Movies Select", "rtmp_stream": "rtmp://play.uktvnow.net/live?wmsAuthSign=[token]/mselect.stream"}, {"http_stream": "http://play.uktvnow.net:1935/live/skynews.stream/playlist.m3u8", "cat_name": "News", "img": "images/channel_imgs/200116041019skynews.jpg", "pk_id": "203", "cat_id": "4", "channel_name": "Sky News", "rtmp_stream": "rtmp://play.uktvnow.net/live?wmsAuthSign=[token]/skynews.stream"}, {"http_stream": "http://play.uktvnow.net:1935/live/skysports1.stream/playlist.m3u8", "cat_name": "Sports", "img": "images/channel_imgs/200116041103skysprts1.png", "pk_id": "204", "cat_id": "5", "channel_name": "Sky Sports 1", "rtmp_stream": "rtmp://play.uktvnow.net/live?wmsAuthSign=[token]/skysports1.stream"}, {"http_stream": "http://play.uktvnow.net:1935/live/skysports002.stream/playlist.m3u8", "cat_name": "Sports", "img": "images/channel_imgs/200116041135skysports2.png", "pk_id": "205", "cat_id": "5", "channel_name": "Sky Sports 2", "rtmp_stream": "rtmp://play.uktvnow.net/live?wmsAuthSign=[token]/skysports002.stream"}, {"http_stream": "http://play.uktvnow.net:1935/live/skysports3.stream/playlist.m3u8", "cat_name": "Sports", "img": "images/channel_imgs/200116041201sk3.png", "pk_id": "206", "cat_id": "5", "channel_name": "Sky Sports 3", "rtmp_stream": "rtmp://play.uktvnow.net/live?wmsAuthSign=[token]/skysports3.stream"}, {"http_stream": "http://play.uktvnow.net:1935/live/skysports4.stream/playlist.m3u8", "cat_name": "Sports", "img": "images/channel_imgs/200116041251sk4.jpg", "pk_id": "207", "cat_id": "5", "channel_name": "Sky Sports 4", "rtmp_stream": "rtmp://play.uktvnow.net/live?wmsAuthSign=[token]/skysports4.stream"}, {"http_stream": "http://play.uktvnow.net:1935/live/skysports55.stream/playlist.m3u8", "cat_name": "Sports", "img": "images/channel_imgs/200116041316sk5.png", "pk_id": "208", "cat_id": "5", "channel_name": "Sky Sports 5", "rtmp_stream": "rtmp://play.uktvnow.net/live?wmsAuthSign=[token]/skysports55.stream"}, {"http_stream": "http://play.uktvnow.net:1935/live/skysportsf120.stream/playlist.m3u8", "cat_name": "Sports", "img": "images/channel_imgs/200116041518f1.png", "pk_id": "209", "cat_id": "5", "channel_name": "SkySports F1", "rtmp_stream": "rtmp://play.uktvnow.net/live?wmsAuthSign=[token]/skysportsf120.stream"}, {"http_stream": "http://play.uktvnow.net:1935/live/skysportsnewsz1.stream/playlist.m3u8", "cat_name": "Sports", "img": "images/channel_imgs/200116041858news.png", "pk_id": "210", "cat_id": "5", "channel_name": "SkySports News", "rtmp_stream": "rtmp://play.uktvnow.net/live?wmsAuthSign=[token]/skysportsnewsz1.stream"}, {"http_stream": "http://play.uktvnow.net:1935/live/sonymovies.stream/playlist.m3u8", "cat_name": "Movies", "img": "images/channel_imgs/290616022720sony.png", "pk_id": "291", "cat_id": "2", "channel_name": "Sony", "rtmp_stream": "rtmp://play.uktvnow.net/live?wmsAuthSign=[token]/sonymovies.stream"}, {"http_stream": "http://play.uktvnow.net:1935/live/sonytv.stream/playlist.m3u8", "cat_name": "Entertainment", "img": "images/channel_imgs/200116041952six.jpg", "pk_id": "212", "cat_id": "1", "channel_name": "Sony TV", "rtmp_stream": "rtmp://play.uktvnow.net/live?wmsAuthSign=[token]/sonytv.stream"}, {"http_stream": "http://play.uktvnow.net:1935/live/spike9.stream/playlist.m3u8", "cat_name": "USA Ch.", "img": "images/channel_imgs/200116042042spi.gif", "pk_id": "213", "cat_id": "10", "channel_name": "Spike", "rtmp_stream": "rtmp://play.uktvnow.net/live?wmsAuthSign=[token]/spike9.stream"}, {"http_stream": "http://play.uktvnow.net:1935/live/spikeuk.stream/playlist.m3u8", "cat_name": "Entertainment", "img": "images/channel_imgs/290616022506spike.jpg", "pk_id": "289", "cat_id": "1", "channel_name": "Spike UK", "rtmp_stream": "rtmp://play.uktvnow.net/live?wmsAuthSign=[token]/spikeuk.stream"}, {"http_stream": "http://play.uktvnow.net:1935/live/sno.stream/playlist.m3u8", "cat_name": "Sports", "img": "images/channel_imgs/200116042105ont.png", "pk_id": "214", "cat_id": "5", "channel_name": "Sports Net Ontario", "rtmp_stream": "rtmp://play.uktvnow.net/live?wmsAuthSign=[token]/sno.stream"}, {"http_stream": "http://play.uktvnow.net:1935/live/snw.stream/playlist.m3u8", "cat_name": "Sports", "img": "images/channel_imgs/200116042130worl.jpg", "pk_id": "215", "cat_id": "5", "channel_name": "Sports Net World", "rtmp_stream": "rtmp://play.uktvnow.net/live?wmsAuthSign=[token]/snw.stream"}, {"http_stream": "http://play.uktvnow.net:1935/live/starplus.stream/playlist.m3u8", "cat_name": "Entertainment", "img": "images/channel_imgs/200116042358starplus.jpg", "pk_id": "217", "cat_id": "1", "channel_name": "Star Plus", "rtmp_stream": "rtmp://play.uktvnow.net/live?wmsAuthSign=[token]/starplus.stream"}, {"http_stream": "http://play.uktvnow.net:1935/live/starsports17.stream/playlist.m3u8", "cat_name": "Sports", "img": "images/channel_imgs/200116042423sp1.jpg", "pk_id": "218", "cat_id": "5", "channel_name": "Star Sports 1", "rtmp_stream": "rtmp://play.uktvnow.net/live?wmsAuthSign=[token]/starsports17.stream"}, {"http_stream": "http://play.uktvnow.net:1935/live/starsports47.stream/playlist.m3u8", "cat_name": "Sports", "img": "images/channel_imgs/200116042516sp4.png", "pk_id": "220", "cat_id": "5", "channel_name": "Star Sports 4", "rtmp_stream": "rtmp://play.uktvnow.net/live?wmsAuthSign=[token]/starsports47.stream"}, {"http_stream": "http://play.uktvnow.net:1935/live/syfy9.stream/playlist.m3u8", "cat_name": "USA Ch.", "img": "images/channel_imgs/200116042554sfy.png", "pk_id": "221", "cat_id": "10", "channel_name": "Syfy", "rtmp_stream": "rtmp://play.uktvnow.net/live?wmsAuthSign=[token]/syfy9.stream"}, {"http_stream": "http://play.uktvnow.net:1935/live/tbs9.stream/playlist.m3u8", "cat_name": "USA Ch.", "img": "images/channel_imgs/200116042625tbs.jpg", "pk_id": "222", "cat_id": "10", "channel_name": "TBS", "rtmp_stream": "rtmp://play.uktvnow.net/live?wmsAuthSign=[token]/tbs9.stream"}, {"http_stream": "http://play.uktvnow.net:1935/live/tbshd.stream/playlist.m3u8", "cat_name": "USA Ch.", "img": "images/channel_imgs/200116042652tbs.jpg", "pk_id": "223", "cat_id": "10", "channel_name": "TBS HD", "rtmp_stream": "rtmp://play.uktvnow.net/live?wmsAuthSign=[token]/tbshd.stream"}, {"http_stream": "http://play.uktvnow.net:1935/live/tcmuk.stream/playlist.m3u8", "cat_name": "Movies", "img": "images/channel_imgs/290616022825tcm.png", "pk_id": "292", "cat_id": "2", "channel_name": "TCM", "rtmp_stream": "rtmp://play.uktvnow.net/live?wmsAuthSign=[token]/tcmuk.stream"}, {"http_stream": "http://play.uktvnow.net:1935/live/tensports7.stream/playlist.m3u8", "cat_name": "Sports", "img": "images/channel_imgs/200116042746spp.png", "pk_id": "225", "cat_id": "5", "channel_name": "Ten Sports", "rtmp_stream": "rtmp://play.uktvnow.net/live?wmsAuthSign=[token]/tensports7.stream"}, {"http_stream": "http://play.uktvnow.net:1935/live/tg4.stream/playlist.m3u8", "cat_name": "Entertainment", "img": "images/channel_imgs/200116042814tg4.png", "pk_id": "226", "cat_id": "1", "channel_name": "TG 4", "rtmp_stream": "rtmp://play.uktvnow.net/live?wmsAuthSign=[token]/tg4.stream"}, {"http_stream": "http://play.uktvnow.net:1935/live/thevault.stream/playlist.m3u8", "cat_name": "Entertainment", "img": "images/channel_imgs/200116042857vau.jpg", "pk_id": "227", "cat_id": "1", "channel_name": "The Vault", "rtmp_stream": "rtmp://play.uktvnow.net/live?wmsAuthSign=[token]/thevault.stream"}, {"http_stream": "http://play.uktvnow.net:1935/live/tlcuk.stream/playlist.m3u8", "cat_name": "Entertainment", "img": "images/channel_imgs/290616022325tlc.jpg", "pk_id": "288", "cat_id": "1", "channel_name": "TLC UK", "rtmp_stream": "rtmp://play.uktvnow.net/live?wmsAuthSign=[token]/tlcuk.stream"}, {"http_stream": "http://play.uktvnow.net:1935/live/tnt9.stream/playlist.m3u8", "cat_name": "USA Ch.", "img": "images/channel_imgs/200116043043tnt.png", "pk_id": "228", "cat_id": "10", "channel_name": "TNT", "rtmp_stream": "rtmp://play.uktvnow.net/live?wmsAuthSign=[token]/tnt9.stream"}, {"http_stream": "http://play.uktvnow.net:1935/live/tnthd.stream/playlist.m3u8", "cat_name": "USA Ch.", "img": "images/channel_imgs/200116043100tnt.png", "pk_id": "229", "cat_id": "10", "channel_name": "TNT HD", "rtmp_stream": "rtmp://play.uktvnow.net/live?wmsAuthSign=[token]/tnthd.stream"}, {"http_stream": "http://play.uktvnow.net:1935/live/travel.stream/playlist.m3u8", "cat_name": "Entertainment", "img": "images/channel_imgs/200116043137tra.png", "pk_id": "230", "cat_id": "1", "channel_name": "Travel", "rtmp_stream": "rtmp://play.uktvnow.net/live?wmsAuthSign=[token]/travel.stream"}, {"http_stream": "http://play.uktvnow.net:1935/live/true1.stream/playlist.m3u8", "cat_name": "Movies", "img": "images/channel_imgs/200116043203t1.jpg", "pk_id": "231", "cat_id": "2", "channel_name": "True Movies 1", "rtmp_stream": "rtmp://play.uktvnow.net/live?wmsAuthSign=[token]/true1.stream"}, {"http_stream": "http://play.uktvnow.net:1935/live/true2.stream/playlist.m3u8", "cat_name": "Movies", "img": "images/channel_imgs/200116043225t2.jpg", "pk_id": "232", "cat_id": "2", "channel_name": "True Movies 2", "rtmp_stream": "rtmp://play.uktvnow.net/live?wmsAuthSign=[token]/true2.stream"}, {"http_stream": "http://play.uktvnow.net:1935/live/tsn11.stream/playlist.m3u8", "cat_name": "Sports", "img": "images/channel_imgs/200116043251tsn1.jpg", "pk_id": "233", "cat_id": "5", "channel_name": "TSN 1", "rtmp_stream": "rtmp://play.uktvnow.net/live?wmsAuthSign=[token]/tsn11.stream"}, {"http_stream": "http://play.uktvnow.net:1935/live/tsn2.stream/playlist.m3u8", "cat_name": "Sports", "img": "images/channel_imgs/200116043314ts2.png", "pk_id": "234", "cat_id": "5", "channel_name": "TSN 2", "rtmp_stream": "rtmp://play.uktvnow.net/live?wmsAuthSign=[token]/tsn2.stream"}, {"http_stream": "http://play.uktvnow.net:1935/live/tsn3.stream/playlist.m3u8", "cat_name": "Sports", "img": "images/channel_imgs/200116043351ts3.png", "pk_id": "235", "cat_id": "5", "channel_name": "TSN 3", "rtmp_stream": "rtmp://play.uktvnow.net/live?wmsAuthSign=[token]/tsn3.stream"}, {"http_stream": "http://play.uktvnow.net:1935/live/ukgold2.stream/playlist.m3u8", "cat_name": "Entertainment", "img": "images/channel_imgs/200116043416gold.jpg", "pk_id": "236", "cat_id": "1", "channel_name": "UK Gold", "rtmp_stream": "rtmp://play.uktvnow.net/live?wmsAuthSign=[token]/ukgold2.stream"}, {"http_stream": "http://play.uktvnow.net:1935/live/usahd.stream/playlist.m3u8", "cat_name": "USA Ch.", "img": "images/channel_imgs/200116043439usa.png", "pk_id": "237", "cat_id": "10", "channel_name": "USA Network", "rtmp_stream": "rtmp://play.uktvnow.net/live?wmsAuthSign=[token]/usahd.stream"}, {"http_stream": "http://play.uktvnow.net:1935/live/usa9.stream/playlist.m3u8", "cat_name": "USA Ch.", "img": "images/channel_imgs/200116043501usaa.gif", "pk_id": "238", "cat_id": "10", "channel_name": "USA-Network", "rtmp_stream": "rtmp://play.uktvnow.net/live?wmsAuthSign=[token]/usa9.stream"}, {"http_stream": "http://play.uktvnow.net:1935/live/vh1.stream/playlist.m3u8", "cat_name": "Music", "img": "images/channel_imgs/200116043534vh1.png", "pk_id": "239", "cat_id": "3", "channel_name": "VH1", "rtmp_stream": "rtmp://play.uktvnow.net/live?wmsAuthSign=[token]/vh1.stream"}, {"http_stream": "http://play.uktvnow.net:1935/live/wwe.stream/playlist.m3u8", "cat_name": "Sports", "img": "images/channel_imgs/200116043641wwee.gif", "pk_id": "241", "cat_id": "5", "channel_name": "wwe HD", "rtmp_stream": "rtmp://play.uktvnow.net/live?wmsAuthSign=[token]/wwe.stream"}, {"http_stream": "http://play.uktvnow.net:1935/live/wwor9.stream/playlist.m3u8", "cat_name": "USA Ch.", "img": "images/channel_imgs/200116043737uni.jpg", "pk_id": "242", "cat_id": "10", "channel_name": "WWOR", "rtmp_stream": "rtmp://play.uktvnow.net/live?wmsAuthSign=[token]/wwor9.stream"}]}, "success": 1}, "time": 1470201088.55}]}