<?xml version='1.0' encoding='UTF-8'?>
<shortcuts>
	<shortcut>
		<defaultID />
		<label>הרחבת סקס נוספת - מגוון נושאים</label>
		<label2>Custom item</label2>
		<icon>DefaultShortcut.png</icon>
		<thumb>special://skin/extras/icons/sex.png</thumb>
		<action>ActivateWindow(Videos,"plugin://plugin.video.jizzplanet",return)</action>
	</shortcut>
	<shortcut>
		<defaultID />
		<label>מצלמות Web</label>
		<label2>Custom shortcut</label2>
		<icon>DefaultShortcut.png</icon>
		<thumb>special://skin/extras/icons/sex.png</thumb>
		<action>ActivateWindow(10025,"plugin://plugin.video.uwc/?url=&amp;mode=7&amp;page=&amp;channel=None&amp;section=None&amp;name=%5BCOLOR+hotpink%5DWhitecream%5B%2FCOLOR%5D+%5BCOLOR+white%5DWebcams+%26+Streams%5B%2FCOLOR%5D",return)</action>
	</shortcut>
	<shortcut>
		<defaultID />
		<label>כלים גדולים</label>
		<label2>Custom shortcut</label2>
		<icon>DefaultShortcut.png</icon>
		<thumb>special://skin/extras/icons/sex.png</thumb>
		<action>ActivateWindow(10025,"plugin://plugin.video.uwc/?url=&amp;mode=6&amp;page=&amp;channel=None&amp;section=None&amp;name=%5BCOLOR+hotpink%5DWhitecream%5B%2FCOLOR%5D+%5BCOLOR+white%5DTubes%5B%2FCOLOR%5D",return)</action>
	</shortcut>
	<shortcut>
		<defaultID />
		<label>Sex-01</label>
		<label2>Custom item</label2>
		<icon>DefaultShortcut.png</icon>
		<thumb>special://skin/extras/icons/sex.png</thumb>
		<action>PlayMedia("http://151.80.29.203:9900/live/3month/3month/12525.m3u8",return)</action>
	</shortcut>
	<shortcut>
		<defaultID />
		<label>Sex-02</label>
		<label2>Custom item</label2>
		<icon>DefaultShortcut.png</icon>
		<thumb>special://skin/extras/icons/sex.png</thumb>
		<action>PlayMedia("http://151.80.29.203:9900/live/3month/3month/12513.m3u8",return)</action>
	</shortcut>
	<shortcut>
		<defaultID />
		<label>Sex-03</label>
		<label2>Custom item</label2>
		<icon>DefaultShortcut.png</icon>
		<thumb>special://skin/extras/icons/sex.png</thumb>
		<action>PlayMedia("http://151.80.29.203:9900/live/3month/3month/12526.m3u8",return)</action>
	</shortcut>
	<shortcut>
		<defaultID />
		<label>Sex-04</label>
		<label2>Custom item</label2>
		<icon>DefaultShortcut.png</icon>
		<thumb>special://skin/extras/icons/sex.png</thumb>
		<action>PlayMedia("http://151.80.29.203:9900/live/3month/3month/12519.m3u8",return)</action>
	</shortcut>
	<shortcut>
		<defaultID />
		<label>Sex-05</label>
		<label2>Custom item</label2>
		<icon>DefaultShortcut.png</icon>
		<thumb>special://skin/extras/icons/sex.png</thumb>
		<action>PlayMedia("http://151.80.29.203:9900/live/3month/3month/12521.m3u8",return)</action>
	</shortcut>
</shortcuts>
