<?xml version='1.0' encoding='UTF-8'?>
<shortcuts>
	<shortcut>
		<defaultID />
		<label>ערוץ 1</label>
		<label2>Custom item</label2>
		<icon>DefaultShortcut.png</icon>
		<thumb>special://skin/extras/icons/Channel_1.png</thumb>
		<action>PlayMedia("plugin://plugin.video.israelive/?url=channel-511M%3Fmode%3D33&amp;mode=10&amp;name=%5BCOLOR+yellow%5D%5BB%5D%D7%94%D7%A2%D7%A8%D7%95%D7%A5+%D7%94%D7%A8%D7%90%D7%A9%D7%95%D7%9F%5B%2FB%5D%5B%2FCOLOR%5D+-+%5BCOLOR+orange%5D%5BB%5D%D7%94%D7%9E%D7%95%D7%A1%D7%A3%5B%2FB%5D%5B%2FCOLOR%5D+%5BCOLOR+burlywood%5D%5B19%3A00-19%3A52%5D%5B%2FCOLOR%5D+-+%5BCOLOR+white%5DNext%3A+%5BB%5D%D7%9E%D7%A2%D7%A8%D7%9B%D7%95%D7%9F+%D7%9E%D7%AA%D7%95%D7%9A+%D7%94%D7%AA%D7%9B%D7%A0%D7%99%D7%AA+%27%27%D7%94%D7%99%D7%94%D7%95%D7%93%D7%99%D7%9D+%D7%91%D7%90%D7%99%D7%9D%27%27%5B%2FB%5D%5B%2FCOLOR%5D+%5BCOLOR+burlywood%5D%5B19%3A52-19%3A58%5D%5B%2FCOLOR%5D&amp;iconimage=http%3A%2F%2Fimg.mako.co.il%2F2008%2F05%2F01%2F01%2Ffirst_channel_logo_b.jpg&amp;description=%D7%AA%D7%9B%D7%A0%D7%99%D7%AA+%D7%90%D7%A7%D7%98%D7%95%D7%90%D7%9C%D7%99%D7%94+%D7%99%D7%95%D7%9E%D7%99%D7%AA+%D7%91%D7%94%D7%92%D7%A9%D7%AA+%D7%92%D7%90%D7%95%D7%9C%D7%94+%D7%90%D7%91%D7%9F+-+%D7%A1%D7%A2%D7%A8.+%D7%91%D7%AA%D7%9B%D7%A0%D7%99%D7%AA+%D7%94%D7%90%D7%A0%D7%A9%D7%99%D7%9D+%D7%94%D7%9E%D7%A8%D7%9B%D7%96%D7%99%D7%99%D7%9D+%D7%A9%D7%A2%D7%A9%D7%95+%D7%90%D7%AA+%D7%94%D7%99%D7%95%D7%9D+%D7%94%D7%A4%D7%A8%D7%A9%D7%A0%D7%99%D7%9D+%D7%94%D7%91%D7%9B%D7%99%D7%A8%D7%99%D7%9D+%D7%95%D7%94%D7%A2%D7%9E%D7%93%D7%95%D7%AA+%D7%A9%D7%98%D7%A8%D7%9D+%D7%A9%D7%9E%D7%A2%D7%AA%D7%9D.+%D7%9B+%D7%A2%D7%A4%D7%99+%D7%93%D7%A8%D7%99%D7%A9%D7%94&amp;displayname=%D7%94%D7%A2%D7%A8%D7%95%D7%A5+%D7%94%D7%A8%D7%90%D7%A9%D7%95%D7%9F&amp;categoryid=10065",return)</action>
	</shortcut>
	<shortcut>
		<defaultID />
		<label>ערוץ 1 שידור נוסף</label>
		<label2>Custom item</label2>
		<icon>DefaultShortcut.png</icon>
		<thumb>special://skin/extras/icons/Channel_1.png</thumb>
		<action>PlayMedia("http://pro-iptv.ddns.net:8080/live/jATeqSE5eU/rjMuBSwlwY/3298.m3u8",return)</action>
	</shortcut>
	<shortcut>
		<defaultID />
		<label>ערוץ 2</label>
		<label2>Custom item</label2>
		<icon>DefaultShortcut.png</icon>
		<thumb>special://home/Graphics/icons/channel2.png</thumb>
		<action>PlayMedia("plugin://program.apollo/?action=apollo&amp;imdb=9999&amp;season=470&amp;title=Channel 2 IL",return)</action>
	</shortcut>
	<shortcut>
		<defaultID />
		<label>ערוץ 2 - שידור נוסף</label>
		<label2>Custom item</label2>
		<icon>DefaultShortcut.png</icon>
		<thumb>special://home/Graphics/icons/channel2.png</thumb>
		<action>PlayMedia("http://pro-iptv.ddns.net:8080/live/jATeqSE5eU/rjMuBSwlwY/3299.m3u8",return)</action>
	</shortcut>
	<shortcut>
		<defaultID />
		<label>ערוץ 10</label>
		<label2>Custom item</label2>
		<icon>DefaultShortcut.png</icon>
		<thumb>special://home/Graphics/icons/channel10.png</thumb>
		<action>PlayMedia("http://nana10-hdl-il-sw.ctedgecdn.net/Nana10-Live/amlst:hd_,1000,1500,1800,/chunklist.m3u8",retun)</action>
	</shortcut>
	<shortcut>
		<defaultID />
		<label>ערוץ 10 שידור נוסף</label>
		<label2>Custom item</label2>
		<icon>DefaultShortcut.png</icon>
		<thumb>special://home/Graphics/icons/channel10.png</thumb>
		<action>PlayMedia("http://pro-iptv.ddns.net:8080/live/jATeqSE5eU/rjMuBSwlwY/3300.m3u8",retun)</action>
	</shortcut>
	<shortcut>
		<defaultID />
		<label>ערוץ 20</label>
		<label2>Custom item</label2>
		<icon>DefaultShortcut.png</icon>
		<thumb>special://home/Graphics/icons/channel20.png</thumb>
		<action>PlayMedia("plugin://program.apollo/?action=apollo&amp;imdb=9999&amp;season=478&amp;title=Channel 20 IL",return)</action>
	</shortcut>
	<shortcut>
		<defaultID />
		<label>ערוץ 24</label>
		<label2>Custom item</label2>
		<icon>DefaultShortcut.png</icon>
		<thumb>special://home/Graphics/icons/24.png</thumb>
		<action>PlayMedia("plugin://plugin.video.israelive/?url=b3480d2eff3fd31006%3Fmode%3D2&amp;mode=10&amp;name=%5BCOLOR+yellow%5D%5BB%5D%D7%A2%D7%A8%D7%95%D7%A5+%D7%94%D7%9E%D7%95%D7%96%D7%99%D7%A7%D7%94%5B%2FB%5D%5B%2FCOLOR%5D+-+%5BCOLOR+orange%5D%5BB%5D50+%D7%94%D7%92%D7%93%D7%95%D7%9C%D7%99%D7%9D+-+%D7%A9%D7%A0%D7%95%D7%AA+%D7%94-90%28%D7%A9.%D7%97%29%5B%2FB%5D%5B%2FCOLOR%5D+%5BCOLOR+burlywood%5D%5B11%3A05-15%3A05%5D%5B%2FCOLOR%5D+-+%5BCOLOR+white%5DNext%3A+%5BB%5D%D7%97%D7%95%D7%96%D7%A8%D7%99%D7%9D+%D7%9C%D7%A9%D7%9B%D7%95%D7%A0%D7%94+-+%D7%A8%D7%95%D7%9F+%D7%A9%D7%95%D7%91%D7%9C%28%D7%A9.%D7%97%29%5B%2FB%5D%5B%2FCOLOR%5D+%5BCOLOR+burlywood%5D%5B15%3A05-15%3A55%5D%5B%2FCOLOR%5D&amp;iconimage=http%3A%2F%2Fwww.nrg.co.il%2Fimages%2Farchive%2F300x225%2F859%2F687.jpg&amp;description=%D7%9E%D7%93%D7%99+%D7%99%D7%95%D7%9D+%D7%9E%D7%92%D7%99%D7%A9%D7%94+%D7%A2%D7%93%D7%9F+%D7%94%D7%A8%D7%90%D7%9C+%D7%90%D7%AA+%D7%9E%D7%A6%D7%A2%D7%93+50+%D7%94%D7%A9%D7%99%D7%A8%D7%99%D7%9D+%D7%94%D7%92%D7%93%D7%95%D7%9C%D7%99%D7%9D+%D7%91%D7%A0%D7%95%D7%A9%D7%90%D7%99%D7%9D+%D7%A9%D7%95%D7%A0%D7%99%D7%9D.+%D7%95%D7%94%D7%99%D7%95%D7%9D+-+%D7%9E%D7%A6%D7%A2%D7%93+%D7%A9%D7%A0%D7%95%D7%AA+%D7%94-90.+%D7%9E%D7%99+%D7%99%D7%96%D7%9B%D7%94+%D7%91%D7%9E%D7%A7%D7%95%D7%9D+%D7%94%D7%A8%D7%90%D7%A9%D7%95%D7%9F%3F&amp;displayname=%D7%A2%D7%A8%D7%95%D7%A5+%D7%94%D7%9E%D7%95%D7%96%D7%99%D7%A7%D7%94&amp;categoryid=10065",return)</action>
	</shortcut>
	<shortcut>
		<defaultID />
		<label>ערוץ 24 שידור נוסף</label>
		<label2>Custom item</label2>
		<icon>DefaultShortcut.png</icon>
		<thumb>special://home/Graphics/icons/24.png</thumb>
		<action>PlayMedia("http://pro-iptv.ddns.net:8080/live/jATeqSE5eU/rjMuBSwlwY/3303.m3u8",return)</action>
	</shortcut>
	<shortcut>
		<defaultID />
		<label>ערוץ 9 (רוסית)</label>
		<label2>Custom item</label2>
		<icon>DefaultShortcut.png</icon>
		<thumb>special://home/Graphics/icons/channel9.png</thumb>
		<action>PlayMedia("plugin://program.apollo/?action=apollo&amp;imdb=9999&amp;season=1547&amp;title=Channel 9  IL",return)</action>
	</shortcut>
	<shortcut>
		<defaultID />
		<label>ערוץ 9 שידור נוסף</label>
		<label2>Custom item</label2>
		<icon>DefaultShortcut.png</icon>
		<thumb>special://home/Graphics/icons/channel9.png</thumb>
		<action>PlayMedia("http://pro-iptv.ddns.net:8080/live/jATeqSE5eU/rjMuBSwlwY/6105.m3u8",return)</action>
	</shortcut>
	<shortcut>
		<defaultID />
		<label>מוסקבה 24</label>
		<label2>Custom item</label2>
		<icon>DefaultShortcut.png</icon>
		<thumb>special://skin/extras/icons/livetv.png</thumb>
		<action>PlayMedia("plugin://plugin.video.israelive/?url=http%3A%2F%2Ftestlivestream.rfn.ru%2Flive%2Fsmil%3Am24.smil%2Fplaylist.m3u8&amp;mode=10&amp;name=%5BCOLOR+yellow%5D%5BB%5DMoskva+24%5B%2FB%5D%5B%2FCOLOR%5D&amp;iconimage=&amp;description=&amp;displayname=Moskva+24&amp;categoryid=10763",return)</action>
	</shortcut>
</shortcuts>