{"page":1,"results":[{"poster_path":"\/sJEHUoPF4tViQMYyyrGFkugh4ga.jpg","adult":false,"overview":"מיה היא מלצרית בבית קפה באולפני האחים וורנר החולמת להיות שחקנית וסבסטיאן הוא נגן פסנתר תפרן אך מוכשר המכור לג'אז וחולם לפתוח מועדון משלו. סדרת מפגשים אקראיים-משעשעים בין השניים מובילים את מיה וסבסטיאן להבין שאולי הם נועדו להכיר. במהרה הם מתאהבים, מתוודים על חלומותיהם הגדולים ומספקים כל אחד השראה ועידוד לאחר. אך כאשר חלומותיהם מתנגשים עם המציאות הקשוחה, הדבר מעמיד למבחן את אהבתם ובעיקר את המשך הקשר ביניהם.","release_date":"2016-12-01","genre_ids":[35,10402,10749,18],"id":313369,"original_title":"La La Land","original_language":"en","title":"לה לה לנד","backdrop_path":"\/fp6X6yhgcxzxCpmM0EVC6V9B8XB.jpg","popularity":38.974794,"vote_count":1391,"video":false,"vote_average":8},{"poster_path":"\/fcEYGsEpZ6C9JkchVzFRA9hQpO3.jpg","adult":false,"overview":"","release_date":"2016-03-14","genre_ids":[99],"id":381083,"original_title":"Gary Numan: Android In La La Land","original_language":"en","title":"Gary Numan: Android In La La Land","backdrop_path":"\/xdQBinkkfFnXGTSI34fM1MFDzyq.jpg","popularity":1.012779,"vote_count":2,"video":false,"vote_average":7.5},{"poster_path":"\/AgCkTRR6XFBFBbjWbS9tbsgsN71.jpg","adult":false,"overview":"","release_date":"2016-07-01","genre_ids":[],"id":269573,"original_title":"En la sangre","original_language":"es","title":"En la sangre","backdrop_path":null,"popularity":1.012151,"vote_count":0,"video":false,"vote_average":0},{"poster_path":"\/xXkE7q2bfZs5IekO5MGxYz22IdH.jpg","adult":false,"overview":"בתקופת הכיבוש הנאצי, הניחו הגרמנים מיליוני מוקשים לאורך החוף המערבי של דנמרק, מחשש שפלישת בנות הברית ליבשת, תתבצע שם. לאחר המלחמה כפו הדניים על שבויי מלחמה גרמנים לפרק את אותם שדות המוקשים. הסרט מגולל את סיפורה של אחת מקבוצות החיילים האלה.","release_date":"2015-12-03","genre_ids":[18,36,10752],"id":335578,"original_title":"Under sandet","original_language":"da","title":"ארץ המוקשים","backdrop_path":"\/aFslejVczteI8L2BwXkWqfTsgyr.jpg","popularity":1.597291,"vote_count":85,"video":false,"vote_average":7.9},{"poster_path":"\/xdtcImWn3RM2aGaylfBgtZ2gqD8.jpg","adult":false,"overview":"","release_date":"2014-02-26","genre_ids":[99],"id":236827,"original_title":"Terre des ours","original_language":"fr","title":"Terre des ours","backdrop_path":"\/16U1qIA24OCHpOL6UCWshqAoUTW.jpg","popularity":1.020169,"vote_count":1,"video":false,"vote_average":8},{"poster_path":"\/yWXHFq41n52I2IxVGUxwJC7bxPa.jpg","adult":false,"overview":"","release_date":"2014-07-11","genre_ids":[35,12],"id":252102,"original_title":"Land Ho!","original_language":"en","title":"Land Ho!","backdrop_path":"\/ftKyRpi1FX7UIGjNwDsQ19xqQxw.jpg","popularity":1.571113,"vote_count":17,"video":false,"vote_average":5.8},{"poster_path":"\/bXGaqq9sDxCR1DNYLoNDa1845UT.jpg","adult":false,"overview":"","release_date":"1975-02-21","genre_ids":[18],"id":511,"original_title":"Ziemia obiecana","original_language":"pl","title":"Ziemia obiecana","backdrop_path":"\/AssSY62VVjU50a83EZs0BG7Ftbc.jpg","popularity":1.132964,"vote_count":7,"video":false,"vote_average":6.8},{"poster_path":"\/jeBTy4y9Lx2I46ttUo9UWGWi8s9.jpg","adult":false,"overview":"","release_date":"2016-02-17","genre_ids":[],"id":386152,"original_title":"Landstück","original_language":"pt","title":"Landstück","backdrop_path":null,"popularity":1.007563,"vote_count":0,"video":false,"vote_average":0},{"poster_path":"\/8xADaMzEK4rB3a1RdZYIF4YSBWz.jpg","adult":false,"overview":"","release_date":"2016-07-29","genre_ids":[18],"id":373471,"original_title":"The Land","original_language":"en","title":"The Land","backdrop_path":"\/uxK62XWsvoeeBmZgIH4fBE0f12t.jpg","popularity":1.177539,"vote_count":3,"video":false,"vote_average":7.7},{"poster_path":"\/vQgS4LkqrrfN2dZSJNVEMFt1Drf.jpg","adult":false,"overview":"","release_date":"2015-10-06","genre_ids":[878],"id":355309,"original_title":"Martian Land","original_language":"en","title":"Martian Land","backdrop_path":"\/xBXu527gioN7jUT6gaqSbkRU72A.jpg","popularity":1.083392,"vote_count":5,"video":false,"vote_average":2.4},{"poster_path":"\/74PI00cQN1No4Vv1JrNa178cqHQ.jpg","adult":false,"overview":"","release_date":"2016-01-29","genre_ids":[18],"id":381287,"original_title":"Foreign Land","original_language":"en","title":"Foreign Land","backdrop_path":"\/7lWb4pKtO5w98aumjGwMCoZJJnh.jpg","popularity":1.014409,"vote_count":2,"video":false,"vote_average":4.5},{"poster_path":"\/eeDt8FO0MGg82ckg9N0vCKi9P6s.jpg","adult":false,"overview":"","release_date":"2016-01-22","genre_ids":[99],"id":378624,"original_title":"Fractured Land","original_language":"en","title":"Fractured Land","backdrop_path":null,"popularity":1.007027,"vote_count":0,"video":false,"vote_average":0},{"poster_path":"\/oWMB2n6gEkBapUBK3OexwZNGmpC.jpg","adult":false,"overview":"","release_date":"2015-03-03","genre_ids":[28,80,18,53],"id":329556,"original_title":"Landmine Goes Click","original_language":"en","title":"Landmine Goes Click","backdrop_path":"\/2rDgCp34j6g9GioPIRng5PMUuli.jpg","popularity":1.246043,"vote_count":16,"video":false,"vote_average":5.7},{"poster_path":"\/cbITAxjP4gSymoT8xOkw9VlOt7b.jpg","adult":false,"overview":"","release_date":"2016-08-05","genre_ids":[18],"id":406144,"original_title":"Lando at Bugoy","original_language":"en","title":"Lando at Bugoy","backdrop_path":null,"popularity":1.012721,"vote_count":1,"video":false,"vote_average":0},{"poster_path":"\/wh31uplC7hHiFfcenzsr71aWx6c.jpg","adult":false,"overview":"","release_date":"2016-03-03","genre_ids":[],"id":386976,"original_title":"When We Land","original_language":"en","title":"When We Land","backdrop_path":null,"popularity":1.006861,"vote_count":0,"video":false,"vote_average":0},{"poster_path":"\/eYPPdCMTo3ESNsvdfvcCj1UMYbe.jpg","adult":false,"overview":"","release_date":"2016-08-05","genre_ids":[],"id":413201,"original_title":"Radiohead - Outside Lands 2016","original_language":"en","title":"Radiohead - Outside Lands 2016","backdrop_path":"\/j51uAS4N2jOEPAUKpcagsfb9oKK.jpg","popularity":1.02346,"vote_count":1,"video":true,"vote_average":10},{"poster_path":"\/kVLe6eJSaTyEly8F5kZdYGLkEMY.jpg","adult":false,"overview":"","release_date":"2016-06-23","genre_ids":[35,12],"id":416547,"original_title":"Gråtass - Gøy På Landet","original_language":"no","title":"Gråtass - Gøy På Landet","backdrop_path":null,"popularity":1.016512,"vote_count":0,"video":false,"vote_average":0},{"poster_path":"\/quTkNZLKOQINSXbvGWaQfFWxOpB.jpg","adult":false,"overview":"","release_date":"2016-12-15","genre_ids":[],"id":430292,"original_title":"National Theatre Live: No Man's Land","original_language":"en","title":"National Theatre Live: No Man's Land","backdrop_path":null,"popularity":1.062101,"vote_count":2,"video":false,"vote_average":8},{"poster_path":"\/qoa9nyoOIFVe0XcGj8EGmUQ4kH8.jpg","adult":false,"overview":"","release_date":"2016-03-16","genre_ids":[99],"id":372711,"original_title":"The Land of the Enlightened","original_language":"en","title":"ארצם של הנאורים","backdrop_path":"\/hNJuoWHkOYGEfd2sMgaxWLktzpC.jpg","popularity":1.065485,"vote_count":3,"video":false,"vote_average":0.5},{"poster_path":"\/w2hxltKvF0ppzfQcAu0tAZCLqP9.jpg","adult":false,"overview":"","release_date":"2016-11-03","genre_ids":[35,10751],"id":416774,"original_title":"Familien Jul: I nissernes land","original_language":"da","title":"Familien Jul: I nissernes land","backdrop_path":null,"popularity":1.033083,"vote_count":0,"video":false,"vote_average":0}],"total_results":43,"total_pages":3}