{"adult":false,"backdrop_path":"/aLS8oJ6qqE954dWo3VIO7SrVkju.jpg","belongs_to_collection":null,"budget":2000000,"genres":[{"id":53,"name":"Thriller"},{"id":80,"name":"Crime"},{"id":18,"name":"Drama"}],"homepage":"http://www.electricentertainment.com/featured/hacker/","id":413052,"imdb_id":"tt3173594","original_language":"en","original_title":"Hacker","overview":"Alex is a young Ukrainian immigrant, who supports his parents by doing illegal jobs on the internet. His best friend Sye is a black market dealer, who helps Alex make money. Kira - who has feelings for Alex - is a mole, working for the feds.","popularity":0.295968,"poster_path":"/3PYKARZAfP4ol41IMKgXdn5EcIo.jpg","production_companies":[{"name":"Brillstein Entertainment Partners","id":22891},{"name":"Sataifilm","id":48860},{"name":"Know Rules Media","id":80783}],"production_countries":[{"iso_3166_1":"US","name":"United States of America"}],"release_date":"2016-07-28","revenue":0,"runtime":105,"spoken_languages":[{"iso_639_1":"en","name":"English"}],"status":"Released","tagline":"Real Story. Real Hacker.","title":"Hacker","video":false,"vote_average":6.2,"vote_count":13}