[{"versioname":"The.Family.Fang.2015.720p.BluRay.950MB.ShAaNiG","id":"171229","score":0},{"versioname":"The.Family.Fang.2015.720p.BRRip.XviD.AC3-RARBG","id":"171568","score":0},{"versioname":"The.Family.Fang.2015.720p.WEB-DL.850MB.ShAaNiG","id":"171230","score":0},{"versioname":"The.Family.Fang.2015.720p.WEB-DL.DD5.1.H.264-PLAYNOW","id":"171231","score":0},{"versioname":"The.Family.Fang.2015.720p.WEB-DL.DD5.1.H264-FGT","id":"171503","score":0},{"versioname":"The.Family.Fang.2015.720p.WEB-DL.x264-HD3D","id":"171232","score":0},{"versioname":"The.Family.Fang.2015.HDRip.XViD-ETRG","id":"171233","score":0},{"versioname":"The.Family.Fang.2015.LiMiTED.720p.BluRay.x264-VETO","id":"171234","score":0}]