{"page":1,"results":[{"poster_path":"\/wDk4wVtg95LZ6SyNOKSrdoKa2W3.jpg","adult":false,"overview":"לאיימי מיטשל יש לכאורה חיים מושלמים – נישואים נהדרים, ילדים מוצלחים, בית יפהפה וקריירה מעוררת קנאה. הבעיה היחידה היא שאיימי לא נחה לרגע. היא מותשת מכל \"התפקידים\" שלקחה על עצמה ועומדת על סף התמוטטות עצבים. ביחד עם שתי אימהות אחרות שמאסו בסגנון החיים שלהן, היא יוצאת למסע מצחיק של שחרור עצמי בו התנהגות פרועה היא תנאי הצטרפות הכרחי.","release_date":"2016-07-28","genre_ids":[35],"id":376659,"original_title":"Bad Moms","original_language":"en","title":"אמהות רעות","backdrop_path":"\/elPpPBuYB2Zn5wFwz2FSlJlKUjp.jpg","popularity":6.257141,"vote_count":543,"video":false,"vote_average":6.1}],"total_results":1,"total_pages":1}