[{"versioname":"The.Autopsy.of.Jane.Doe.(2016).720p.WEB-DL.-.800MB.-.ShAaNiG","id":"129442","score":0},{"versioname":"The.Autopsy.of.Jane.Doe.2016.1080p.WEB-DL.DD5.1.H264-FGT","id":"108292","score":0},{"versioname":"The.Autopsy.of.Jane.Doe.2016.720p.WEB-DL-800MB-ShAaNiG","id":"143290","score":0},{"versioname":"The.Autopsy.of.Jane.Doe.2016.720p.WEB-DL.-.800MB.-.ShAaNiG","id":"115716","score":0},{"versioname":"The.Autopsy.of.Jane.Doe.2016.720p.WEB-DL.x264.AC3-Moita","id":"110128","score":0},{"versioname":"The.Autopsy.of.Jane.Doe.2016.HDRip.XviD.AC3-iFT","id":"111878","score":0},{"versioname":"The.Autopsy.of.Jane.Doe.2016.WEB-DL.x264-FGT","id":"109739","score":0}]