<?xml version='1.0' encoding='UTF-8'?>
<shortcuts>
	<shortcut>
		<defaultID />
		<label>דיסקברי</label>
		<label2>Custom item</label2>
		<icon>DefaultShortcut.png</icon>
		<thumb>special://skin/extras/icons/discovery.png</thumb>
		<action>PlayMedia("plugin://program.apollo/?action=apollo&amp;imdb=9999&amp;season=5016&amp;title=Discovery Channel",return)</action>
	</shortcut>
	<shortcut>
		<defaultID />
		<label>דיסקברי - שידור נוסף</label>
		<label2>Custom item</label2>
		<icon>DefaultShortcut.png</icon>
		<thumb>special://skin/extras/icons/discovery.png</thumb>
		<action>RunScript(special://userdata/addon_data/script.skinshortcuts/play.py,http://abeksis.com/Discovery)</action>
	</shortcut>
	<shortcut>
		<defaultID />
		<label>נשיונל גאוגרפיק</label>
		<label2>Custom item</label2>
		<icon>DefaultShortcut.png</icon>
		<thumb>special://skin/extras/icons/national_geographic.png</thumb>
		<action>PlayMedia("plugin://program.apollo/?action=apollo&amp;imdb=9999&amp;season=5022&amp;title=National Geographic Channel",return)</action>
	</shortcut>
	<shortcut>
		<defaultID />
		<label>נשיונל גאוגרפיק - שידור נוסף</label>
		<label2>Custom item</label2>
		<icon>DefaultShortcut.png</icon>
		<thumb>special://skin/extras/icons/national_geographic.png</thumb>
		<action>RunScript(special://userdata/addon_data/script.skinshortcuts/play.py,http://abeksis.com/National-Geographic)</action>
	</shortcut>
	<shortcut>
		<defaultID />
		<label>ערוץ ההיסטוריה</label>
		<label2>Custom item</label2>
		<icon>DefaultShortcut.png</icon>
		<thumb>special://skin/extras/icons/History.png</thumb>
		<action>PlayMedia("plugin://program.apollo/?action=apollo&amp;imdb=9999&amp;season=188&amp;title=History",return)</action>
	</shortcut>
	<shortcut>
		<defaultID />
		<label>ערוץ ההיסטוריה - שידור נוסף</label>
		<label2>Custom item</label2>
		<icon>DefaultShortcut.png</icon>
		<thumb>special://skin/extras/icons/History.png</thumb>
		<action>RunScript(special://userdata/addon_data/script.skinshortcuts/play.py,http://abeksis.com/History-Channel)</action>
	</shortcut>
	<shortcut>
		<defaultID />
		<label>Discovery Sci</label>
		<label2>Custom item</label2>
		<icon>DefaultShortcut.png</icon>
		<thumb>special://home/Graphics/icons/Discovery_Sci.png</thumb>
		<action>PlayMedia("plugin://program.apollo/?action=apollo&amp;imdb=9999&amp;season=391&amp;title=Discovery Science",return)</action>
	</shortcut>
	<shortcut>
		<defaultID />
		<label>Discovery Science - שידור נוסף</label>
		<label2>Custom item</label2>
		<icon>DefaultShortcut.png</icon>
		<thumb>special://home/Graphics/icons/Discovery_Sci.png</thumb>
		<action>RunScript(special://userdata/addon_data/script.skinshortcuts/play.py,http://abeksis.com/Discovery-Sci)</action>
	</shortcut>
	<shortcut>
		<defaultID />
		<label>אנימל פלאנט</label>
		<label2>Custom item</label2>
		<icon>DefaultShortcut.png</icon>
		<thumb>special://skin/extras/icons/animal_planet.png</thumb>
		<action>PlayMedia("plugin://program.apollo/?action=apollo&amp;imdb=9999&amp;season=2370&amp;title=Animal Planet",return)</action>
	</shortcut>
	<shortcut>
		<defaultID />
		<label>אנימל פלאנט - שידור נוסף</label>
		<label2>Custom item</label2>
		<icon>DefaultShortcut.png</icon>
		<thumb>special://skin/extras/icons/animal_planet.png</thumb>
		<action>RunScript(special://userdata/addon_data/script.skinshortcuts/play.py,http://abeksis.com/Animal-Planet)</action>
	</shortcut>
	<shortcut>
		<defaultID />
		<label>Nasa Live</label>
		<label2>Custom item</label2>
		<icon>DefaultShortcut.png</icon>
		<thumb>special://skin/extras/icons/world.png</thumb>
		<action>PlayMedia("plugin://plugin.video.ccloudtv/?url=http%3A%2F%2Fnasatv-lh.akamaihd.net%2Fi%2FNASA_101%40319270%2Fmaster.m3u8&amp;mode=1&amp;name=Nasa+TV+Public+%28Documentary%29+%28US%29+%28English%29&amp;iconimage=http%3A%2F%2Fwww.acrosstheuniverseday.com%2Fimages%2Fnasa_TV_logo.jpg",return)</action>
	</shortcut>
</shortcuts>