<?xml version='1.0' encoding='UTF-8'?>
<shortcuts>
	<shortcut>
		<defaultID />
		<label>Channel 2 News</label>
		<label2>Custom item</label2>
		<icon>DefaultShortcut.png</icon>
		<thumb>special://skin/extras/icons/channel2.png</thumb>
		<action>RunScript(special://userdata/addon_data/script.skinshortcuts/play.py,http://abeksis.com/channel-2-News)</action>
	</shortcut>
	<shortcut>
		<defaultID />
		<label>BBC News</label>
		<label2>Custom item</label2>
		<icon>DefaultShortcut.png</icon>
		<thumb>special://skin/extras/icons/Bbc-News.png</thumb>
		<action>RunScript(special://userdata/addon_data/script.skinshortcuts/play.py,http://abeksis.com/BBC-NEWS)</action>
	</shortcut>
	<shortcut>
		<defaultID />
		<label>CNN</label>
		<label2>Custom item</label2>
		<icon>DefaultShortcut.png</icon>
		<thumb>special://skin/extras/icons/CNN.png</thumb>
		<action>PlayMedia("plugin://plugin.video.israelive/?channelid=10386",return)</action>
	</shortcut>
	<shortcut>
		<defaultID />
		<label>RBC ru</label>
		<label2>Custom item</label2>
		<icon>DefaultShortcut.png</icon>
		<thumb>special://skin/extras/icons/rbc.png</thumb>
		<action>RunScript(special://userdata/addon_data/script.skinshortcuts/play.py,http://abeksis.com/Rbc.ru)</action>
	</shortcut>
	<shortcut>
		<defaultID />
		<label>Sky News</label>
		<label2>Custom item</label2>
		<icon>DefaultShortcut.png</icon>
		<thumb>special://skin/extras/icons/Sky-News.png</thumb>
		<action>PlayMedia("plugin://plugin.video.israelive/?channelid=10381",return)</action>
	</shortcut>
	<shortcut>
		<defaultID />
		<label>CBC News</label>
		<label2>Custom item</label2>
		<icon>DefaultShortcut.png</icon>
		<thumb>special://skin/extras/icons/cbc-news.png</thumb>
		<action>PlayMedia("plugin://plugin.video.israelive/?channelid=10366",return)</action>
	</shortcut>
	<shortcut>
		<defaultID />
		<label>ABC News</label>
		<label2>Custom item</label2>
		<icon>DefaultShortcut.png</icon>
		<thumb>special://skin/extras/icons/abcnews.png</thumb>
		<action>RunScript(special://userdata/addon_data/script.skinshortcuts/play.py,http://abeksis.com/abcnews)</action>
	</shortcut>
	<shortcut>
		<defaultID />
		<label>France24</label>
		<label2>Custom item</label2>
		<icon>DefaultShortcut.png</icon>
		<thumb>special://skin/extras/icons/france24.png</thumb>
		<action>RunScript(special://userdata/addon_data/script.skinshortcuts/play.py,http://abeksis.com/france24)</action>
	</shortcut>
	<shortcut>
		<defaultID />
		<label>Euronews</label>
		<label2>Custom item</label2>
		<icon>DefaultShortcut.png</icon>
		<thumb>special://skin/extras/icons/euronews.png</thumb>
		<action>RunScript(special://userdata/addon_data/script.skinshortcuts/play.py,http://abeksis.com/Euronews)</action>
	</shortcut>
</shortcuts>
