<?xml version='1.0' encoding='UTF-8'?>
<shortcuts>
	<shortcut>
		<defaultID />
		<label>Big Brother</label>
		<label2>Custom item</label2>
		<icon>DefaultShortcut.png</icon>
		<thumb>special://skin/extras/icons/bigbrother.png</thumb>
		<action>PlayMedia("plugin://plugin.video.israelive/?channelid=11597",return)</action>
	</shortcut>
	<shortcut>
		<defaultID />
		<label>Channel 1</label>
		<label2>Custom item</label2>
		<icon>DefaultShortcut.png</icon>
		<thumb>special://skin/extras/icons/Channel_1.png</thumb>
		<action>RunScript(special://userdata/addon_data/script.skinshortcuts/play.py,http://abeksis.com/channel-1)</action>
	</shortcut>
	<shortcut>
		<defaultID />
		<label>Channel 1 Another Source</label>
		<label2>Custom item</label2>
		<icon>DefaultShortcut.png</icon>
		<thumb>special://skin/extras/icons/Channel_1.png</thumb>
		<action>PlayMedia("plugin://plugin.video.israelive/?channelid=12642",return)</action>
	</shortcut>
	<shortcut>
		<defaultID />
		<label>Channel 10 - Live</label>
		<label2>Custom item</label2>
		<icon>DefaultShortcut.png</icon>
		<thumb>special://skin/extras/icons/channel10.png</thumb>
		<action>RunScript(special://userdata/addon_data/script.skinshortcuts/play.py,http://abeksis.com/channel-10)</action>
	</shortcut>
	<shortcut>
		<defaultID />
		<label>Channel 2 - Live</label>
		<label2>Custom item</label2>
		<icon>DefaultShortcut.png</icon>
		<thumb>special://skin/extras/icons/channel2.png</thumb>
		<action>RunScript(special://userdata/addon_data/script.skinshortcuts/play.py,http://abeksis.com/channel-2)</action>
	</shortcut>
	<shortcut>
		<defaultID />
		<label>Channel 2 - Reshet</label>
		<label2>Custom item</label2>
		<icon>DefaultShortcut.png</icon>
		<thumb>special://skin/extras/icons/channel2.png</thumb>
		<action>RunScript(special://userdata/addon_data/script.skinshortcuts/play.py,http://abeksis.com/channel-2-Reshet)</action>
	</shortcut>
	<shortcut>
		<defaultID />
		<label>Channel 2 - Keshet</label>
		<label2>Custom item</label2>
		<icon>DefaultShortcut.png</icon>
		<thumb>special://skin/extras/icons/channel2.png</thumb>
		<action>PlayMedia("plugin://plugin.video.israelive/?channelid=10077",return)</action>
	</shortcut>
	<shortcut>
		<defaultID />
		<label>Channel 20</label>
		<label2>Custom item</label2>
		<icon>DefaultShortcut.png</icon>
		<thumb>special://skin/extras/icons/channel20.png</thumb>
		<action>RunScript(special://userdata/addon_data/script.skinshortcuts/play.py,http://abeksis.com/channel-20)</action>
	</shortcut>
	<shortcut>
		<defaultID />
		<label>Channel 24</label>
		<label2>Custom item</label2>
		<icon>DefaultShortcut.png</icon>
		<thumb>special://skin/extras/icons/24.png</thumb>
		<action>RunScript(special://userdata/addon_data/script.skinshortcuts/play.py,http://abeksis.com/channel-24)</action>
	</shortcut>
	<shortcut>
		<defaultID />
		<label>Channel 24 Another Source</label>
		<label2>Custom item</label2>
		<icon>DefaultShortcut.png</icon>
		<thumb>special://skin/extras/icons/24.png</thumb>
		<action>PlayMedia("plugin://plugin.video.israelive/?channelid=10079",return)</action>
	</shortcut>
	<shortcut>
		<defaultID />
		<label>ILand</label>
		<label2>Custom item</label2>
		<icon>DefaultShortcut.png</icon>
		<thumb>special://skin/extras/icons/iland.png</thumb>
		<action>RunScript(special://userdata/addon_data/script.skinshortcuts/play.py,http://abeksis.com/ILand)</action>
	</shortcut>
	<shortcut>
		<defaultID />
		<label>Channel 9</label>
		<label2>Custom item</label2>
		<icon>DefaultShortcut.png</icon>
		<thumb>special://skin/extras/icons/channel9.png</thumb>
		<action>RunScript(special://userdata/addon_data/script.skinshortcuts/play.py,http://abeksis.com/channel-9)</action>
	</shortcut>
	<shortcut>
		<defaultID />
		<label>Moscow Channel 24</label>
		<label2>Custom item</label2>
		<icon>DefaultShortcut.png</icon>
		<thumb>special://skin/extras/icons/livetv.png</thumb>
		<action>RunScript(special://userdata/addon_data/script.skinshortcuts/play.py,http://abeksis.com/Mockba-24)</action>
	</shortcut>
</shortcuts>
