<artdetails>
	<rating>4.7</rating>
	<tmdb_type>movie</tmdb_type>
	<revenue>14822346</revenue>
	<tmdb_title>הכל כלול</tmdb_title>
	<landscape>http://assets.fanart.tv/fanart/movies/12657/moviethumb/soul-plane-524ab06551844.jpg</landscape>
	<plot>אחרי ניסיון משפיל בטיסה, נאשוון וויד תובע את חברת התעופה ומקבל בפשרה סכום ענק. הוא נחוש בדעתו לתקן את המעוות עם הכסף, נאשוון מקים חברת תעופה "הכול כלול" מהחלומות, דיילות סקסיות, מוסיקה טובה, מועדון ריקודים וג'אקוזי. מהיציאה מהטרמינל החדש בלוס אנג'לס, חברת התעופה "סול" נותנת משמעות חדשה למילה טיסה, ולוקחת את נוסעיה לטיסת בכורה משעשעת.</plot>
	<thumb>http://assets.fanart.tv/fanart/movies/12657/moviethumb/soul-plane-524ab06551844.jpg</thumb>
	<title>הכל כלול</title>
	<fanart>http://image.tmdb.org/t/p/original/kjr4sFv19vwLeCBncinChpzbGug.jpg</fanart>
	<channel>HD ערוץ 10 [B][COLOR lime] ישראל - [/COLOR][/B]</channel>
	<status>Released</status>
	<poster>http://assets.fanart.tv/fanart/movies/12657/movieposter/soul-plane-55dc6e3da7f4e.jpg</poster>
	<imdb_id>tt0367085</imdb_id>
	<studio>Metro-Goldwyn-Mayer (MGM)</studio>
	<genre>אחר / לא ידוע</genre>
	<path>pvr://channels/tv/כל הערוצים/</path>
	<banner>http://assets.fanart.tv/fanart/movies/12657/moviebanner/soul-plane-524ab053b64f7.jpg</banner>
	<clearart>http://assets.fanart.tv/fanart/movies/12657/hdmovieclearart/soul-plane-524aaf1d745d3.png</clearart>
	<date_scraped>2016-05-28 18:46:08.423515</date_scraped>
	<discart>http://assets.fanart.tv/fanart/movies/12657/moviedisc/soul-plane-5054d9e297f21.png</discart>
	<budget>16000000</budget>
	<clearlogo>http://assets.fanart.tv/fanart/movies/12657/movielogo/soul-plane-4fbfdd96c3070.png</clearlogo>
	<channellogo>http://anarchitv.co/TV/Logos/10.png</channellogo>
</artdetails>
