<artdetails>
	<status>Released</status>
	<rating>5.5</rating>
	<tmdb_type>movie</tmdb_type>
	<thumb>http://image.tmdb.org/t/p/original/llVlyKIVX3M87qid4v1pEZCoxvF.jpg</thumb>
	<plot>George Bird is a salesman of agricultural machinery who finds out that he hasn't long to live. On his doctor's advice, he goes to an exclusive seaside resort to spend his savings on one last holiday.</plot>
	<fanart>http://image.tmdb.org/t/p/original/llVlyKIVX3M87qid4v1pEZCoxvF.jpg</fanart>
	<poster>http://image.tmdb.org/t/p/original/fImae3yTfgsHSlpT5hJisQcpn3l.jpg</poster>
	<title>Last Holiday</title>
	<imdb_id>tt0042665</imdb_id>
	<tmdb_title>Last Holiday</tmdb_title>
	<date_scraped>2017-02-02 10:13:08.982255</date_scraped>
	<studio>Associated British Picture Corporation (ABPC) / Watergate Films</studio>
	<genre>אחר / לא ידוע</genre>
	<path>pvr://channels/tv/כל הערוצים/</path>
	<channel>MBC MAX HD</channel>
	<channellogo>https://www.thelogodb.com/images/media/logo/spsqpy1463607899.png</channellogo>
</artdetails>
