{"adult":false,"backdrop_path":"/fp6X6yhgcxzxCpmM0EVC6V9B8XB.jpg","belongs_to_collection":null,"budget":30000000,"genres":[{"id":35,"name":"Comedy"},{"id":10402,"name":"Music"},{"id":10749,"name":"Romance"},{"id":18,"name":"Drama"}],"homepage":"http://www.lalaland.movie/","id":313369,"imdb_id":"tt3783958","original_language":"en","original_title":"La La Land","overview":"Mia, an aspiring actress, serves lattes to movie stars in between auditions and Sebastian, a jazz musician, scrapes by playing cocktail party gigs in dingy bars, but as success mounts they are faced with decisions that begin to fray the fragile fabric of their love affair, and the dreams they worked so hard to maintain in each other threaten to rip them apart.","popularity":37.974794,"poster_path":"/ylXCdC106IKiarftHkcacasaAcb.jpg","production_companies":[{"name":"Marc Platt Productions","id":2527},{"name":"Gilbert Films","id":10161},{"name":"Black Label Media","id":33681},{"name":"Impostor Pictures","id":53247}],"production_countries":[{"iso_3166_1":"US","name":"United States of America"}],"release_date":"2016-12-01","revenue":225554865,"runtime":128,"spoken_languages":[{"iso_639_1":"en","name":"English"}],"status":"Released","tagline":"Here's to the fools who dream.","title":"La La Land","video":false,"vote_average":8.0,"vote_count":1393}