{"page":1,"results":[{"poster_path":"\/pvC98ghNTIEWaaP4O9po7wNSOoP.jpg","adult":false,"overview":"דוקטור סטריינג' הוא האלטר אגו של ד\"ר סטיבן סטריינג', נוירו-כירורג נודע אך אנוכי אשר עדיפותו הראשונה הייתה לצבור הון. כתוצאה מתאונת דרכים, ידיו נפגעו ונמנע ממנו לשוב ולהתעסק ברפואה. במסעו חובק העולם אחר תרופה למצבו, סטריינג' פגש בהרי ההימלאיה בנזיר שנודע בכינוי \"העתיק\", שסירב לעזור לסטריינג' משום אנוכיותו הרבה. הנזיר נכשל במשימתו לעורר את הצד הטוב שבו, עד אשר אחד ממאמיניו - ברון מורדו - מנסה להרוג את הנזיר. לאחר מכן, הטוב שבליבו של סטריינג' ניצת מחדש והוא מסכל את ההתנקשות. בתמורה, הנזיר מלמד את סטריינג' את אמנות הכישוף.","release_date":"2016-10-25","genre_ids":[28,12,14,878],"id":284052,"original_title":"Doctor Strange","original_language":"en","title":"דוקטור סטריינג'","backdrop_path":"\/tFI8VLMgSTTU38i8TIsklfqS9Nl.jpg","popularity":12.024193,"vote_count":1638,"video":false,"vote_average":6.6}],"total_results":1,"total_pages":1}