<artdetails>
	<status>Returning Series</status>
	<plot>Based on the classic Charles M. Schultz comic strip and featuring Snoopy and Charlie Brown among others.</plot>
	<tmdb_type>tv</tmdb_type>
	<title>Peanuts</title>
	<tvdb_id>None</tvdb_id>
	<tmdb_title>Peanuts</tmdb_title>
	<date_scraped>2017-02-02 10:12:55.162004</date_scraped>
	<studio>Cartoon Network</studio>
	<genre>אחר / לא ידוע</genre>
	<path>pvr://channels/tv/כל הערוצים/</path>
	<homepage>http://www.cartoonnetwork.com/video/peanuts/episodes/index.html</homepage>
	<channel>MBC 3</channel>
	<channellogo>https://www.thelogodb.com/images/media/logo/yutswy1463607862.png</channellogo>
</artdetails>
