<artdetails>
	<rating>6.1</rating>
	<tmdb_type>movie</tmdb_type>
	<revenue>57891803</revenue>
	<tmdb_title>טיסת לילה</tmdb_title>
	<landscape>http://assets.fanart.tv/fanart/movies/11460/moviethumb/red-eye-52121ced2c8d2.jpg</landscape>
	<plot>ווס קרייבן ("צעקה") מביים מותחן אינטנסיבי על מנהלת במלון שעושה את דרכה בחזרה למיאמי מהלוויית סבתה. על המטוס היא מתחברת עם גבר אלמוני, שמתגלה כבן בליעל. מסתבר שהאיש חטף את אביה ועכשיו הוא סוחט אותה: עליה לעזור לו להתנקש בפוליטיקאי בכיר המתאכסן במלון בו היא עובדת ולא... רייצ'ל מק'אדאמס ("ילדות רעות") וקיליאן מרפי היפה ("באטמן מתחיל") מככבים.</plot>
	<thumb>http://assets.fanart.tv/fanart/movies/11460/moviethumb/red-eye-52121ced2c8d2.jpg</thumb>
	<title>טיסת לילה</title>
	<fanart>http://image.tmdb.org/t/p/original/zgqm6rDn2CMVGplLieJ1XCneKCm.jpg</fanart>
	<tagline>אתם לא יכולים לדעת מי יושב לידכם...</tagline>
	<channel>ערוץ המוזיקה [B][COLOR lime] ישראל - [/COLOR][/B]</channel>
	<status>Released</status>
	<poster>http://assets.fanart.tv/fanart/movies/11460/movieposter/red-eye-5693fe3e58fdb.jpg</poster>
	<imdb_id>tt0421239</imdb_id>
	<studio>DreamWorks SKG / Craven-Maddalena Films / BenderSpink</studio>
	<genre>אחר / לא ידוע</genre>
	<path>pvr://channels/tv/כל הערוצים/</path>
	<banner>http://assets.fanart.tv/fanart/movies/11460/moviebanner/red-eye-52121ce09b236.jpg</banner>
	<date_scraped>2016-08-03 02:17:33.685308</date_scraped>
	<discart>http://assets.fanart.tv/fanart/movies/11460/moviedisc/red-eye-5693cb14ce2d5.png</discart>
	<budget>26000000</budget>
	<clearlogo>http://assets.fanart.tv/fanart/movies/11460/movielogo/red-eye-4fa19b1ff28a3.png</clearlogo>
	<channellogo>http://anarchitv.co/TV/Logos/24.png</channellogo>
</artdetails>
