<artdetails>
	<status>Ended</status>
	<rating>5.3</rating>
	<tmdb_type>tv</tmdb_type>
	<thumb>http://image.tmdb.org/t/p/original/6KFCAN8QNjrnXDOjOWydxnfrNpX.jpg</thumb>
	<plot>The series tells the story of Dana, Dafi, Elinor, and Tamar ,four good friends.</plot>
	<fanart>http://image.tmdb.org/t/p/original/6KFCAN8QNjrnXDOjOWydxnfrNpX.jpg</fanart>
	<poster>http://image.tmdb.org/t/p/original/qGm83IhiUPDnyHqYTBULzpfWbx5.jpg</poster>
	<tvdb_id>262902</tvdb_id>
	<tmdb_title>יומני החופש הגדול</tmdb_title>
	<date_scraped>2016-07-05 16:30:24.754141</date_scraped>
	<studio>Tedy Productions</studio>
	<path>pvr://channels/tv/כל הערוצים/</path>
	<genre>אחר / לא ידוע</genre>
	<title>יומני החופש הגדול</title>
	<homepage>http://vod.walla.co.il/tvshow/2855962/yomaney-hahofesh/season-1</homepage>
	<channel>הערוץ הראשון [B][COLOR lime] ישראל - [/COLOR][/B]</channel>
	<channellogo>http://anarchitv.co/TV/Logos/1.png</channellogo>
</artdetails>
