<shortcuts>
	<shortcut>
		<label>20387</label>
		<label2>Common Shortcut</label2>
		<icon>special://skin/extras/icons/recentlyadded.png</icon>
		<action>ActivateWindow(Videos,videodb://recentlyaddedepisodes/,return)</action>
	</shortcut>
	<shortcut>
		<label>652</label>
		<label2>Common Shortcut</label2>
		<icon>special://skin/extras/icons/years.png</icon>
		<action>ActivateWindow(Videos,videodb://tvshows/years/,return)</action>
	</shortcut>
	<shortcut>
		<label>369</label>
		<label2>Common Shortcut</label2>
		<icon>special://skin/extras/icons/title.png</icon>
		<action>ActivateWindow(Videos,videodb://tvshows/titles/,return)</action>
	</shortcut>
	<shortcut>
		<label>135</label>
		<label2>Common Shortcut</label2>
		<icon>special://skin/extras/icons/genres.png</icon>
		<action>ActivateWindow(Videos,videodb://tvshows/genres/,return)</action>
	</shortcut>
	<shortcut>
		<label>344</label>
		<label2>Common Shortcut</label2>
		<icon>special://skin/extras/icons/actor.png</icon>
		<action>ActivateWindow(Videos,videodb://tvshows/actors/,return)</action>
	</shortcut>
	<shortcut>
		<label>20459</label>
		<label2>Common Shortcut</label2>
		<icon>special://skin/extras/icons/tags.png</icon>
		<action>ActivateWindow(Videos,videodb://tvshows/tags/,return)</action>
	</shortcut>
	<shortcut>
		<label>20314</label>
		<label2>Common Shortcut</label2>
		<icon>special://skin/extras/icons/media.png</icon>
		<action>ActivateWindow(videos,library://video/tvshows/,return)</action>
	</shortcut>
	<shortcut>
		<label>$VAR[VideoLibraryScanLabel]</label>
		<label2>Common Shortcut</label2>
		<icon>$VAR[VideoLibraryScanIcon]</icon>
		<action>UpdateLibrary(video)</action>
	</shortcut>
</shortcuts>
