<?xml version='1.0' encoding='UTF-8'?>
<shortcuts>
	<shortcut>
		<defaultID />
		<label>הרחבות ילדים - ישראלי</label>
		<label2>Custom item</label2>
		<icon>DefaultShortcut.png</icon>
		<thumb>special://skin/extras/icons/kids.png</thumb>
		<action>ActivateWindow(VideoLibrary,"plugin://plugin.video.Vodil/?url=url&amp;mode=12&amp;name=%D7%99%D7%9C%D7%93%D7%99%D7%9D",return)</action>
	</shortcut>
	<shortcut>
		<defaultID />
		<label>ערוץ הילדים</label>
		<label2>Custom item</label2>
		<icon>DefaultShortcut.png</icon>
		<thumb>special://skin/extras/icons/tv.png</thumb>
		<action>ActivateWindow(VideoLibrary,"plugin://plugin.video.Vodil/?url=PLeagipoZmyfkWkyetCWsJMGy8yBvHdJs-&amp;mode=27&amp;name=%D7%A2%D7%A8%D7%95%D7%A5+%D7%94%D7%99%D7%9C%D7%93%D7%99%D7%9D",return)</action>
	</shortcut>
	<shortcut>
		<defaultID />
		<label>סרטים מדובבים</label>
		<label2>Custom item</label2>
		<icon>DefaultShortcut.png</icon>
		<thumb>special://skin/extras/icons/director.png</thumb>
		<action>ActivateWindow(Videos,"plugin://plugin.video.jksp",return)</action>
	</shortcut>
	<shortcut>
		<defaultID />
		<label>לגיל הרך - CBeebies</label>
		<label2>Custom item</label2>
		<icon>DefaultShortcut.png</icon>
		<thumb>special://skin/extras/icons/CBeebies.png</thumb>
		<action>RunScript(special://userdata/addon_data/script.skinshortcuts/play.py,http://abeksis.com/CBeebies)</action>
	</shortcut>
	<shortcut>
		<defaultID />
		<label>לגיל הרך - TinyPop</label>
		<label2>Custom item</label2>
		<icon>DefaultShortcut.png</icon>
		<thumb>special://skin/extras/icons/TinyPop.png</thumb>
		<action>RunScript(special://userdata/addon_data/script.skinshortcuts/play.py,http://abeksis.com/TinyPop)</action>
	</shortcut>
	<shortcut>
		<defaultID />
		<label>לגיל הרך - Baby Tv</label>
		<label2>Custom item</label2>
		<icon>DefaultShortcut.png</icon>
		<thumb>special://skin/extras/icons/Baby.png</thumb>
		<action>RunScript(special://userdata/addon_data/script.skinshortcuts/play.py,http://abeksis.com/BabyTv-01)</action>
	</shortcut>
	<shortcut>
		<defaultID />
		<label>טום וגרי</label>
		<label2>Custom item</label2>
		<icon>DefaultShortcut.png</icon>
		<thumb>special://skin/extras/icons/tom-and-jerry.png</thumb>
		<action>RunScript(special://userdata/addon_data/script.skinshortcuts/play.py,http://abeksis.com/Tom-and-Jerry)</action>
	</shortcut>
	<shortcut>
		<defaultID />
		<label>ניק גוניור</label>
		<label2>Custom item</label2>
		<icon>DefaultShortcut.png</icon>
		<thumb>special://skin/extras/icons/tvguide.png</thumb>
		<action>RunScript(special://userdata/addon_data/script.skinshortcuts/play.py,http://abeksis.com/Nickjr)</action>
	</shortcut>
	<shortcut>
		<defaultID />
		<label>ערוץ דיסני</label>
		<label2>Custom item</label2>
		<icon>DefaultShortcut.png</icon>
		<thumb>special://skin/extras/icons/genre.png</thumb>
		<action>RunScript(special://userdata/addon_data/script.skinshortcuts/play.py,http://abeksis.com/DisneyChannel)</action>
	</shortcut>
	<shortcut>
		<defaultID />
		<label>תוכניות ילדים</label>
		<label2>Custom shortcut</label2>
		<icon>DefaultShortcut.png</icon>
		<thumb>special://skin/extras/icons/play.png</thumb>
		<action>ActivateWindow(10025,"plugin://plugin.video.MakoTV/?url=http%3A%2F%2Fwww.mako.co.il%2Fmako-vod-kids&amp;mode=0&amp;name=%D7%AA%D7%9B%D7%A0%D7%99%D7%95%D7%AA+%D7%99%D7%9C%D7%93%D7%99%D7%9D&amp;iconimage=http://now.tufts.edu/sites/default/files/111116_kids_TV_illo_L.JPG",return)</action>
	</shortcut>
	<shortcut>
		<defaultID />
		<label>סרטים מצוירים</label>
		<label2>Custom item</label2>
		<icon>DefaultShortcut.png</icon>
		<thumb>special://skin/extras/icons/livetv.png</thumb>
		<action>ActivateWindow(VideoLibrary,"plugin://plugin.video.Vodil/?url=PLnzhIyrsnB5ZHtALtuMGstpsfQFG8wLZE&amp;mode=1&amp;name=%D7%A1%D7%A8%D7%98%D7%99%D7%9D+%D7%9C%D7%99%D7%9C%D7%93%D7%99%D7%9D+%D7%9E%D7%93%D7%95%D7%91%D7%91+%2B+%D7%9E%D7%AA%D7%95%D7%A8%D7%92%D7%9D",return)</action>
	</shortcut>
	<shortcut>
		<defaultID />
		<label>לוגי (Vod)</label>
		<label2>Custom item</label2>
		<icon>DefaultShortcut.png</icon>
		<thumb>special://skin/extras/icons/logi.png</thumb>
		<action>ActivateWindow(VideoLibrary,"plugin://plugin.video.Vodil/?url=PLtXcJHjzQOdOJyKUf4N_im5szCADvUbb_&amp;mode=21&amp;name=%D7%9C%D7%95%D7%92%D7%99",return)</action>
	</shortcut>
	<shortcut>
		<defaultID />
		<label>הופ (Vod)</label>
		<label2>Custom item</label2>
		<icon>DefaultShortcut.png</icon>
		<thumb>special://skin/extras/icons/play.png</thumb>
		<action>ActivateWindow(VideoLibrary,"plugin://plugin.video.Vodil/?url=PLeagipoZmyfmBwqCrCc8p7cE6QdLes-eL&amp;mode=22&amp;name=%D7%94%D7%95%D7%A4",return)</action>
	</shortcut>
	<shortcut>
		<defaultID />
		<label>לולי</label>
		<label2>Custom item</label2>
		<icon>DefaultShortcut.png</icon>
		<thumb>special://skin/extras/icons/genre.png</thumb>
		<action>ActivateWindow(VideoLibrary,"plugin://plugin.video.Vodil/?url=PLqcNVz8UuCsLhpzTjL0JGj3YuMyWWd5Ug&amp;mode=24&amp;name=%D7%9C%D7%95%D7%9C%D7%99",return)</action>
	</shortcut>
	<shortcut>
		<defaultID />
		<label>בייבי</label>
		<label2>Custom item</label2>
		<icon>DefaultShortcut.png</icon>
		<thumb>special://skin/extras/icons/ouya.png</thumb>
		<action>ActivateWindow(VideoLibrary,"plugin://plugin.video.Vodil/?url=PLsFmiuNwu758huWLmxTM4NCln7tbqJDPn&amp;mode=25&amp;name=%D7%91%D7%99%D7%99%D7%91%D7%99",return)</action>
	</shortcut>
</shortcuts>
