<artdetails>
	<status>Rumored</status>
	<rating>8.0</rating>
	<tmdb_type>movie</tmdb_type>
	<thumb>http://image.tmdb.org/t/p/original/tEqqsgJ7LNIozdr81Fn4LvW2hWN.jpg</thumb>
	<plot>סיפורם של קבוצת עובדים בדיינר מקומי בניו-יורק, אשר מקבלת הודעה כי העסק הולך להיסגר. הסיפור מתמשך על פני יממה אחת, ומכיל אמירות נוקבות על המצב הסוציו אקונומי באמריקה.</plot>
	<fanart>http://image.tmdb.org/t/p/original/tEqqsgJ7LNIozdr81Fn4LvW2hWN.jpg</fanart>
	<poster>http://image.tmdb.org/t/p/original/adsEP2Xpm5IvZEk0jHKr7keNsX.jpg</poster>
	<title>אנשי היום</title>
	<imdb_id>tt0365020</imdb_id>
	<tmdb_title>אנשי היום-יום</tmdb_title>
	<date_scraped>2016-05-23 19:08:33.149524</date_scraped>
	<genre>אחר / לא ידוע</genre>
	<path>pvr://channels/tv/כל הערוצים/</path>
	<channel>ישראל 9 [B][COLOR lime] ישראל - [/COLOR][/B]</channel>
	<channellogo>http://anarchitv.co/TV/Logos/9.png</channellogo>
</artdetails>
