<?xml version='1.0' encoding='UTF-8'?>
<shortcuts>
	<shortcut>
		<defaultID />
		<label>אוסף שירים ישראלים ומעולם</label>
		<label2>Custom item</label2>
		<icon>DefaultShortcut.png</icon>
		<thumb>special://skin/extras/icons/songs.png</thumb>
		<action>ActivateWindow(VideoLibrary,"plugin://plugin.video.Vodil/?url=url&amp;mode=13&amp;name=%D7%9E%D7%95%D7%A1%D7%99%D7%A7%D7%94",return)</action>
	</shortcut>
	<shortcut>
		<defaultID />
		<label>מוזיקה מזרחית</label>
		<label2>Custom item</label2>
		<icon>DefaultShortcut.png</icon>
		<thumb>special://skin/extras/icons/play.png</thumb>
		<action>ActivateWindow(MusicLibrary,"plugin://plugin.video.atraf",return)</action>
	</shortcut>
	<shortcut>
		<defaultID />
		<label>מוזיקה יוונית</label>
		<label2>Custom item</label2>
		<icon>DefaultShortcut.png</icon>
		<thumb>special://skin/extras/icons/microphone.png</thumb>
		<action>ActivateWindow(MusicLibrary,"plugin://plugin.video.greek",return)</action>
	</shortcut>
	<shortcut>
		<defaultID />
		<label>מוזיקה ישראלית</label>
		<label2>Custom shortcut</label2>
		<icon>DefaultShortcut.png</icon>
		<thumb>special://skin/extras/icons/controlpanel.png</thumb>
		<action>ActivateWindow(10502,"plugin://plugin.video.featherence.music/?url=None&amp;mode=101&amp;name=%D7%9E%D7%95%D7%96%D7%99%D7%A7%D7%94+%D7%99%D7%A9%D7%A8%D7%90%D7%9C%D7%99%D7%AA&amp;iconimage=%2FUsers%2Faviabeksis%2FLibrary%2FApplication+Support%2FKodi%2Faddons%2Fscript.featherence.service%2Fresources%2Ficons%2Fsod.png&amp;desc=%5BCOLOR%3Dyellow%5D%D7%9B%D7%9C+%D7%94%D7%96%D7%9E%D7%A8%D7%99%D7%9D+%D7%94%D7%99%D7%A9%D7%A8%D7%90%D7%9C%D7%99%D7%9D%21%5B%2FCOLOR%5D%5BCR%5D%5BCR%5D&amp;num=1&amp;viewtype=50&amp;fanart=/Users/aviabeksis/Library/Application Support/Kodi/addons/plugin.video.featherence.music/fanart.jpg",return)</action>
	</shortcut>
	<shortcut>
		<defaultID />
		<label>MTV Dance</label>
		<label2>Custom item</label2>
		<icon>DefaultShortcut.png</icon>
		<thumb>special://skin/extras/icons/mtv.png</thumb>
		<action>PlayMedia("http://151.80.29.203:9900/live/3month/3month/10087.m3u8",return)</action>
	</shortcut>
	<shortcut>
		<defaultID />
		<label>MTV 1</label>
		<label2>Custom item</label2>
		<icon>DefaultShortcut.png</icon>
		<thumb>special://skin/extras/icons/mtv.png</thumb>
		<action>PlayMedia("http://151.80.29.203:9900/live/3month/3month/10090.m3u8",return)</action>
	</shortcut>
	<shortcut>
		<defaultID />
		<label>תחנות רדיו מישראל</label>
		<label2>Custom item</label2>
		<icon>DefaultShortcut.png</icon>
		<thumb>special://skin/extras/icons/controlpanel.png</thumb>
		<action>ActivateWindow(10025,"plugin://plugin.video.israelive/?categoryid=9999&amp;description&amp;displayname=10000&amp;iconimage=http%3a%2f%2fmdmorrope.gob.pe%2fportalweb%2fimagenes%2fradioss.png&amp;mode=2&amp;name=%5bCOLOR%20blue%5d%5bB%5d%5bRadio%20From%20Israel%20-%20%d7%a8%d7%93%d7%99%d7%95%5d%5b%2fB%5d%5b%2fCOLOR%5d&amp;url",return)</action>
	</shortcut>
	<shortcut>
		<defaultID />
		<label>ערוצי רדיו לפי סגנון</label>
		<label2>Custom item</label2>
		<icon>DefaultShortcut.png</icon>
		<thumb>special://skin/extras/icons/equalizer.png</thumb>
		<action>ActivateWindow(MusicLibrary,"plugin://plugin.audio.KradioList",return)</action>
	</shortcut>
	<shortcut>
		<defaultID />
		<label>ערוצי רדיו נוספים</label>
		<label2>Custom item</label2>
		<icon>DefaultShortcut.png</icon>
		<thumb>special://skin/extras/icons/controlpanel.png</thumb>
		<action>ActivateWindow(Music,"plugin://plugin.audio.tunir",return)</action>
	</shortcut>
	<shortcut>
		<defaultID />
		<label>99 FM</label>
		<label2>Custom shortcut</label2>
		<icon>DefaultShortcut.png</icon>
		<thumb>special://skin/extras/icons/play.png</thumb>
		<action>ActivateWindow(10502,"plugin://plugin.audio.99fm-playlists",return)</action>
	</shortcut>
	<shortcut>
		<defaultID />
		<label>רדיוס 100FM</label>
		<label2>Custom item</label2>
		<icon>DefaultShortcut.png</icon>
		<thumb>special://skin/extras/icons/equalizer.png</thumb>
		<action>ActivateWindow(Music,"plugin://plugin.audio.100fm",return)</action>
	</shortcut>
	<shortcut>
		<defaultID />
		<label>SoundCloud</label>
		<label2>Custom item</label2>
		<icon>DefaultShortcut.png</icon>
		<thumb>special://skin/extras/icons/play.png</thumb>
		<action>ActivateWindow(Music,"plugin://plugin.audio.soundcloud",return)</action>
	</shortcut>
	<shortcut>
		<defaultID />
		<label>מוזיקה לועזית</label>
		<label2>Custom shortcut</label2>
		<icon>DefaultShortcut.png</icon>
		<thumb>special://skin/extras/icons/play.png</thumb>
		<action>ActivateWindow(10502,"plugin://plugin.video.featherence.music/?url=None&amp;mode=11101&amp;name=%D7%9E%D7%95%D7%96%D7%99%D7%A7%D7%94+%D7%9C%D7%95%D7%A2%D7%96%D7%99%D7%AA&amp;iconimage=%2FUsers%2Faviabeksis%2FLibrary%2FApplication+Support%2FKodi%2Faddons%2Fscript.featherence.service%2Fresources%2Ficons%2Fmusic.png&amp;desc=%5BCOLOR%3Dyellow%5D%D7%9B%D7%9C+%D7%94%D7%96%D7%9E%D7%A8%D7%99%D7%9D+%D7%94%D7%9E%D7%95%D7%91%D7%99%D7%9C%D7%99%D7%9D+%D7%9E%D7%97%D7%95%22%D7%9C%21%5B%2FCOLOR%5D%5BCR%5D%5BCR%5D&amp;num=1&amp;viewtype=58&amp;fanart=/Users/aviabeksis/Library/Application Support/Kodi/addons/plugin.video.featherence.music/fanart.jpg",return)</action>
	</shortcut>
	<shortcut>
		<defaultID />
		<label>הופעות חיות מחו״ל</label>
		<label2>Custom shortcut</label2>
		<icon>DefaultShortcut.png</icon>
		<thumb>special://skin/extras/icons/microphone.png</thumb>
		<action>ActivateWindow(10502,"plugin://plugin.video.featherence.music/?url=None&amp;mode=11104&amp;name=%D7%94%D7%95%D7%A4%D7%A2%D7%95%D7%AA+%D7%97%D7%99%D7%95%D7%AA+%D7%9E%D7%97%D7%95%22%D7%9C&amp;iconimage=%2FUsers%2Faviabeksis%2FLibrary%2FApplication+Support%2FKodi%2Faddons%2Fscript.featherence.service%2Fresources%2Ficons%2Fguitar.png&amp;desc=%5BCOLOR%3Dyellow%5D%D7%9B%D7%9C+%D7%94%D7%95%D7%A4%D7%A2%D7%95%D7%AA+%D7%94%D7%96%D7%9E%D7%A8%D7%99%D7%9D+%D7%9E%D7%97%D7%95%22%D7%9C%21%5B%2FCOLOR%5D%5BCR%5D%5BCR%5D&amp;num=1&amp;viewtype=58&amp;fanart=/Users/aviabeksis/Library/Application Support/Kodi/addons/plugin.video.featherence.music/fanart.jpg",return)</action>
	</shortcut>
	<shortcut>
		<defaultID />
		<label>קריוקי</label>
		<label2>Custom item</label2>
		<icon>DefaultShortcut.png</icon>
		<thumb>special://skin/extras/icons/microphone.png</thumb>
		<action>ActivateWindow(Videos,"plugin://plugin.video.Karaokeil",return)</action>
	</shortcut>
</shortcuts>
