{"adult":false,"backdrop_path":"/1qGzqGUd1pa05aqYXGSbLkiBlLB.jpg","belongs_to_collection":null,"budget":150000000,"genres":[{"id":16,"name":"Animation"},{"id":12,"name":"Adventure"},{"id":35,"name":"Comedy"},{"id":10751,"name":"Family"},{"id":14,"name":"Fantasy"},{"id":10402,"name":"Music"}],"homepage":"http://movies.disney.com/moana","id":277834,"imdb_id":"tt3521164","original_language":"en","original_title":"Moana","overview":"In Ancient Polynesia, when a terrible curse incurred by Maui reaches an impetuous Chieftain's daughter's island, she answers the Ocean's call to seek out the demigod to set things right.","popularity":56.88647,"poster_path":"/z4x0Bp48ar3Mda8KiPD1vwSY3D8.jpg","production_companies":[{"name":"Walt Disney Pictures","id":2},{"name":"Walt Disney Animation Studios","id":6125}],"production_countries":[{"iso_3166_1":"US","name":"United States of America"}],"release_date":"2016-11-23","revenue":97400000,"runtime":103,"spoken_languages":[{"iso_639_1":"en","name":"English"}],"status":"Released","tagline":"The ocean is calling.","title":"Moana","video":false,"vote_average":6.4,"vote_count":425}