[{"versioname":"Storks.2016.1080p.BluRay.H264.AAC-RARBG","id":"163258","score":0},{"versioname":"Storks.2016.1080p.BluRay.x264-DRONES","id":"145600","score":0},{"versioname":"Storks.2016.720p.BluRay.H264.AAC-RARBG","id":"156666","score":0},{"versioname":"Storks.2016.720p.BluRay.HEVC.x265-RMTeam","id":"162836","score":0},{"versioname":"Storks.2016.720p.BluRay.x264-DRONES","id":"146566","score":0},{"versioname":"Storks.2016.720p.BluRay.x264.ShAaNiG","id":"163262","score":0},{"versioname":"Storks.2016.720p.BRRip.x264-MkvCage","id":"163137","score":0},{"versioname":"Storks.2016.720p.BRRip.x264.AAC-ETRG","id":"148873","score":0},{"versioname":"Storks.2016.BDRip.x264-DRONES","id":"158616","score":0},{"versioname":"Storks.2016.BDRip.x264-YTS.AG","id":"154821","score":0},{"versioname":"Storks.2016.BRRip.XViD-ETRG","id":"150125","score":0},{"versioname":"Storks.2016.BRRip.XviD.AC3-EVO","id":"150982","score":0}]