{
 "name"         : "Direct [COLOR FF0084FF]-[/COLOR] Exodus ([COLOR FF0084FF]Q[/COLOR])",
 "repository"   : "repository.exodus",
 "plugin"       : "plugin.video.exodus",
 "priority"     : 200,
 "id"           : "direct.exodus.q",
 "filters"      : {},
 "postprocess"  : "",
 "movies"       : [
  [
   {
    "link"      : "plugin://plugin.video.exodus/?action=play&title={title}&year={year}&imdb={imdb}&meta=%7B%22rating%22%3A+%22%22%2C+%22code%22%3A+%22{imdb}%22%2C+%22poster%22%3A+%22{poster}%22%2C+%22mediatype%22%3A+%22movie%22%2C+%22director%22%3A+%22%22%2C+%22genre%22%3A+%22%22%2C+%22imdb%22%3A+%22{imdb}%22%2C+%22year%22%3A+%22{year}%22%2C+%22duration%22%3A+%22%22%2C+%22banner%22%3A+%22%22%2C+%22metacache%22%3A+false%2C+%22plot%22%3A+%22%22%2C+%22votes%22%3A+%2227%2C082%22%2C+%22title%22%3A+%22{title}%22%2C+%22fanart%22%3A+%22{fanart}%22%2C+%22mpaa%22%3A+%22%22%2C+%22writer%22%3A+%22%22%2C+%22premiered%22%3A+%22%22%2C+%22next%22%3A+%22%22%2C+%22cast%22%3A+%5B%5B%22%22%2C+%22%22%5D%5D%2C+%22trailer%22%3A+%22plugin%3A%2F%2Fplugin.video.exodus%2F%3Faction%3Dtrailer%26name%3D{title}%2B%25282016%2529%22%7D&t={year}{year}{year}{year}{year}",
    "steps"     : [],
    "action"    : "RUN"
   }
  ]
 ],
 "tvshows"      : [
  [
   {
    "link"      :"plugin://plugin.video.exodus/?action=play&title={title}&year=2007&imdb={imdb}&tvdb={id}&season={season}&episode={episode}&tvshowtitle={clearname}&premiered=&meta=%7B%22rating%22%3A+%22%22%2C+%22code%22%3A+%22{imdb}%22%2C+%22imdb%22%3A+%22{imdb}%22%2C+%22year%22%3A+%22{year}%22%2C+%22duration%22%3A+%22%22%2C+%22plot%22%3A+%22%22%2C+%22votes%22%3A+%22%22%2C+%22thumb%22%3A+%22{thumbnail}%22%2C+%22title%22%3A+%22{title}%22%2C+%22tvdb%22%3A+%22{id}%22%2C+%22mpaa%22%3A+%22%22%2C+%22writer%22%3A+%22%22%2C+%22label%22%3A+%22{title}%22%2C+%22poster%22%3A+%22{poster}%22%2C+%22status%22%3A+%22%22%2C+%22season%22%3A+%22{season}%22%2C+%22tvshowtitle%22%3A+%22{title}%22%2C+%22mediatype%22%3A+%22%22%2C+%22director%22%3A+%22%22%2C+%22studio%22%3A+%22%22%2C+%22genre%22%3A+%22%22%2C+%22banner%22%3A+%22{thumbnail}%22%2C+%22fanart%22%3A+%22{fanart}%22%2C+%22episode%22%3A+%22{episode}%22%2C+%22premiered%22%3A+%22%22%2C+%22cast%22%3A+%5B%5B%22%22%2C+%22%22%5D%5D%2C+%22trailer%22%3A+%22plugin%3A%2F%2Fplugin.video.exodus%2F%3Faction%3Dtrailer%26name%3D{clearname}%22%7D&t={year}{year}{year}{year}{year}",
    "steps"     : [],
    "action"    : "RUN"
   }
  ]
 ],
 "musicvideos"  : [],
 "music"        : [],
 "live"         : []
}