{
 "name"         : ".TheWiz Wall Direct Play",
 "plugin"       : "plugin.video.thewiz.wall",
 "priority"     : 500,
 "id"           : "provider.thewiz.wall.direct.play",
 "filters"      : {},
 "postprocess"  : "",
 "movies"       : [
  [
   {
    "link"      : "plugin://plugin.video.thewiz.wall/?wall=movies&name={name}&title={title}&url=http%3A%2F%2Fwww.imdb.com%2Ftitle%2F{imdb}%2F&trakt={trakt}&imdb={imdb}&year={year}&slug={slug}",
    "steps"     : [],
    "action"    : "PLAY"
   }
  ]
 ],
 "tvshows"      : [
  [
   {
    "link"      : "plugin://plugin.video.thewiz.wall/?wall=tv&tmdb={tmdb}&show={showname}&season={season}&trakt={trakt}&imdb={imdb}&year={year}&slug={slug}&episode={episode}&name={name}&title={clearname}&url=http%3A%2F%2Fwww.imdb.com%2Ftitle%2F{imdb}%2F&tvdb={id}",
    "steps"     : [],
    "action"    : "PLAY"
   }
  ]
 ],
 "live"         : []
}