<artdetails>
	<status>Released</status>
	<plot>Two women make breakfast - one on the Upper West Side of New York City and the other in a rural village in southern Africa.</plot>
	<tmdb_type>movie</tmdb_type>
	<thumb>http://image.tmdb.org/t/p/original/e6UIeFUkvP2HLUQuMNXYpfGuzHq.jpg</thumb>
	<title>Breakfast</title>
	<fanart>http://image.tmdb.org/t/p/original/e6UIeFUkvP2HLUQuMNXYpfGuzHq.jpg</fanart>
	<poster>http://image.tmdb.org/t/p/original/pnz2h4QPnDUQux94ijarJJiGoYg.jpg</poster>
	<imdb_id>tt2332050</imdb_id>
	<tmdb_title>Breakfast</tmdb_title>
	<date_scraped>2017-02-02 11:09:59.709809</date_scraped>
	<genre>אחר / לא ידוע</genre>
	<path>pvr://channels/tv/כל הערוצים/</path>
	<channel>BBC 1 Scotland</channel>
	<channellogo>http://static.filmon.com/couch/channels/3166/extra_big_logo.png</channellogo>
</artdetails>
