<?xml version="1.0" encoding="UTF-8"?>
<keymap>

  <global>
    <mouse>
      <leftclick>leftclick</leftclick>
      <middleclick>middleclick</middleclick>
      <rightclick>rightclick</rightclick>
      <doubleclick>doubleclick</doubleclick>
      <wheeldown>wheeldown</wheeldown>
      <wheelup>wheelup</wheelup>
      <mousedrag>mousedrag</mousedrag>
      <mousemove>mousemove</mousemove>
    </mouse>
  </global>
  <SlideShow>
    <mouse>
      <leftclick>Pause</leftclick>
      <rightclick>PreviousMenu</rightclick>
      <wheelup>PreviousPicture</wheelup>
      <wheeldown>NextPicture</wheeldown>
    </mouse>
  </SlideShow>
  <FullscreenVideo>
    <mouse>
      <wheelup>VolumeUp</wheelup>
      <wheeldown>VolumeDown</wheeldown>
    </mouse>
  </FullscreenVideo>

<musicOSD>
    <mouse>
      <wheelup>VolumeUp</wheelup>
      <wheeldown>VolumeDown</wheeldown>
    </mouse>
  </musicOSD>
  <VideoOSD>
    <mouse>
     
      <wheelup>VolumeUp</wheelup>
      <wheeldown>VolumeDown</wheeldown>
    </mouse>
  </VideoOSD>

 <FullscreenVideo>
    <mouse>
      <mousemove>noop</mousemove>
    </mouse>
  </FullscreenVideo>
  <FullscreenLiveTV>
    <mouse>
      <mousemove>noop</mousemove>
    </mouse>
  </FullscreenLiveTV>

</keymap>

