{"adult":false,"backdrop_path":"/T3LrH6bnV74llVbFpQsCBrGaU9.jpg","belongs_to_collection":null,"budget":90000000,"genres":[{"id":28,"name":"Action"},{"id":12,"name":"Adventure"},{"id":37,"name":"Western"}],"homepage":"http://www.sonypictures.com/movies/themagnificentseven/","id":333484,"imdb_id":"tt2404435","original_language":"en","original_title":"The Magnificent Seven","overview":"Seven gun men in the old west gradually come together to help a poor village against savage thieves.","popularity":26.247303,"poster_path":"/z6BP8yLwck8mN9dtdYKkZ4XGa3D.jpg","production_companies":[{"name":"Columbia Pictures","id":5},{"name":"Village Roadshow Pictures","id":79},{"name":"Escape Artists","id":1423},{"name":"Metro-Goldwyn-Mayer (MGM)","id":8411},{"name":"LStar Capital","id":34034},{"name":"Pin High Productions","id":79566}],"production_countries":[{"iso_3166_1":"US","name":"United States of America"}],"release_date":"2016-09-14","revenue":61532784,"runtime":132,"spoken_languages":[{"iso_639_1":"en","name":"English"}],"status":"Released","tagline":"Justice has a number.","title":"The Magnificent Seven","video":false,"vote_average":5.1,"vote_count":1131}