{"page":1,"results":[{"poster_path":"\/jVRsGNUu0OQfheveZBtQwsi1sLO.jpg","adult":false,"overview":"ג'ניפר לורנס וכריס פראט הם שני נוסעים על חללית, במהלך מסע לעבר בית חדש. הטיול שלהם מקבל תפנית מסוכנת כאשר הם מתעוררים בצורה מסתורית ממצב השינה בו הם נמצאים 90 שנה מוקדם מהצפוי. כאשר ג'ים ואורורה מנסים לגלות את האמת מאחורי התקלה שלהם, הם מתחילים להתאהב זו בזה, ואינם מסוגלים להתכחש למשיכה שלהם אחד כלפי השניה. הדבר היחיד שמפריע להם היא הסכנה הממשית של קריסת ספינת החלל שלהם, וגילוי האמת מאחורי התעוררותם.","release_date":"2016-12-21","genre_ids":[12,18,10749,878],"id":274870,"original_title":"Passengers","original_language":"en","title":"הנוסעים","backdrop_path":"\/5EW4TR3fWEqpKsWysNcBMtz9Sgp.jpg","popularity":43.81539,"vote_count":299,"video":false,"vote_average":6.1}],"total_results":1,"total_pages":1}