{"page":1,"results":[{"poster_path":"\/gnxqzxrm4KdSfnlxNa7VTUnrWEZ.jpg","adult":false,"overview":"כשהעיירה רוז קריק נמצאת תחת שליטתו הקטלנית של התעשיין ברתולומיאו בוג (פיטר סארסגארד), אנשי העיירה הנואשים משלמים לשבעה פורעי חוק שיגנו עליהם: ציידי ראשים, מהמרים ושכירי חרב. בזמן שהם מכינים את העיירה לעימות האלים שהם יודעים שמצפה להם, שבעת שכירי החרב מוצאים את עצמם נלחמים על יותר מכסף.","release_date":"2016-09-14","genre_ids":[28,12,37],"id":333484,"original_title":"The Magnificent Seven","original_language":"en","title":"שבעת המופלאים","backdrop_path":"\/T3LrH6bnV74llVbFpQsCBrGaU9.jpg","popularity":27.247303,"vote_count":1093,"video":false,"vote_average":5},{"poster_path":"\/7w3JmmyL8GpBvW6BusQfQCSm2h0.jpg","adult":false,"overview":"עיירה מקסיקאית סובלת מבעיה שכול שנה חבורה של פושעים מגיעים לעיירה והורסים וגונבים להם אוכל, שלושה בחורים נשלחים לארה\"ב לנסות למצוא אקדוחנים שיעזרו להם להלחם נגד הפושעים, הם מוצאים שבעה אקדוחנים שכול אחד מהם נמצא שם מסיבה אחרת ועכשיו הם צריכים ללמד את העיירה להתגונן ולהתכונן לחבורה של 100 פושעים שצריכים להגיע.","release_date":"1960-10-23","genre_ids":[28,12,37],"id":966,"original_title":"The Magnificent Seven","original_language":"en","title":"שבעת המופלאים","backdrop_path":"\/6oa28WQ1z1KpFXLnFx8Ukpz3f4H.jpg","popularity":1.944392,"vote_count":224,"video":false,"vote_average":7}],"total_results":2,"total_pages":1}