{"adult":false,"backdrop_path":"/5EW4TR3fWEqpKsWysNcBMtz9Sgp.jpg","belongs_to_collection":null,"budget":120000000,"genres":[{"id":12,"name":"Adventure"},{"id":18,"name":"Drama"},{"id":10749,"name":"Romance"},{"id":878,"name":"Science Fiction"}],"homepage":"http://www.passengersmovie.com/","id":274870,"imdb_id":"tt1355644","original_language":"en","original_title":"Passengers","overview":"A spacecraft traveling to a distant colony planet and transporting thousands of people has a malfunction in its sleep chambers. As a result, two passengers are awakened 90 years early.","popularity":42.81539,"poster_path":"/5gJkVIVU7FDp7AfRAbPSvvdbre2.jpg","production_companies":[{"name":"Columbia Pictures","id":5},{"name":"Village Roadshow Pictures","id":79},{"name":"Original Film","id":333},{"name":"Company Films","id":7193},{"name":"Start Motion Pictures","id":19961},{"name":"LStar Capital","id":34034},{"name":"Wanda Pictures","id":83838}],"production_countries":[{"iso_3166_1":"US","name":"United States of America"}],"release_date":"2016-12-21","revenue":0,"runtime":116,"spoken_languages":[{"iso_639_1":"en","name":"English"}],"status":"Released","tagline":"There is a reason they woke up","title":"Passengers","video":false,"vote_average":6.1,"vote_count":298}