[{"versioname":"The.Magnificent.Seven.2016.1080-SPARKS","id":"91157","score":0},{"versioname":"The.Magnificent.Seven.2016.1080p.BluRay.DTS-HD.MA7.1.x264-iFT","id":"104156","score":0},{"versioname":"The.Magnificent.Seven.2016.1080p.BluRay.H264.AAC-RARBG","id":"123358","score":0},{"versioname":"The.Magnificent.Seven.2016.1080p.BluRay.x264-SPARKS","id":"104033","score":0},{"versioname":"The.Magnificent.Seven.2016.1080p.BluRay.x264.DTS-HD.MA.7.1-FGT","id":"91167","score":0},{"versioname":"The.Magnificent.Seven.2016.1080p.BluRay.x265.HEVC.6CH-MRN","id":"109428","score":0},{"versioname":"The.Magnificent.Seven.2016.720p.BluRay.DTS.x264-iFT","id":"92240","score":0},{"versioname":"The.Magnificent.Seven.2016.720p.BluRay.H264.AAC-RARBG","id":"122173","score":0},{"versioname":"The.Magnificent.Seven.2016.720p.BluRay.HEVC.x265-RMTeam","id":"109889","score":0},{"versioname":"The.Magnificent.Seven.2016.720p.BluRay.x264-SPARKS","id":"91197","score":0},{"versioname":"The.Magnificent.Seven.2016.720p.BluRay.x264.ShAaNiG","id":"122313","score":0},{"versioname":"The.Magnificent.Seven.2016.720p.BRRip.x264-MkvCage","id":"126902","score":0},{"versioname":"The.Magnificent.Seven.2016.720p.BRRip.x264.AAC-ETRG","id":"129621","score":0},{"versioname":"The.Magnificent.Seven.2016.BDRip.x264-SPARKS","id":"91170","score":0},{"versioname":"The.Magnificent.Seven.2016.BDRip.x264-SPARKS.YTS.AG","id":"127448","score":0},{"versioname":"The.Magnificent.Seven.2016.BluRay.1080p.5.1CH.x264.Ganool","id":"105559","score":0},{"versioname":"The.Magnificent.Seven.2016.BluRay.720p.x264.Ganool","id":"91301","score":0},{"versioname":"The.Magnificent.Seven.2016.BRRip.XViD-ETRG","id":"91347","score":0},{"versioname":"The.Magnificent.Seven.2016.BRRip.XViD-EVO","id":"91550","score":0},{"versioname":"The.Magnificent.Seven.2016.BRRip.XviD.AC3-EVO","id":"91387","score":0},{"versioname":"The.Magnificent.Seven.2016.BRRip.XviD.AC3-RARBG","id":"91797","score":0},{"versioname":"The.Magnificent.Seven.2016.BRRip.XviD.MP3-RARBG","id":"106547","score":0},{"versioname":"The.Magnificent.Seven.720p.HDTV.x264.AC3.2.0-VET-D","id":"90821","score":0}]