<artdetails>
	<status>Released</status>
	<plot>מאחורי הקלעים של הסרט שמביא את גלישת הסנובורד לביצועים המגדירים מחדש את עולם הסנובורד!</plot>
	<tmdb_type>movie</tmdb_type>
	<thumb>http://image.tmdb.org/t/p/original/sDoOiZfihdXt396JGfd2oeiero3.jpg</thumb>
	<title>מאחורי הקלעים</title>
	<fanart>http://image.tmdb.org/t/p/original/sDoOiZfihdXt396JGfd2oeiero3.jpg</fanart>
	<poster>http://image.tmdb.org/t/p/original/ufAShrlXGg7T2bTf3Vl7ro7W4oW.jpg</poster>
	<tmdb_title>אומנות הטיסה - מאחורי הקלעים</tmdb_title>
	<date_scraped>2016-08-01 00:53:43.786826</date_scraped>
	<studio>Red Bull Media House / Brain Farm Digital Cinema</studio>
	<genre>אחר / לא ידוע</genre>
	<path>pvr://channels/tv/כל הערוצים/</path>
	<channel>ערוץ המוזיקה [B][COLOR lime] ישראל - [/COLOR][/B]</channel>
	<channellogo>http://anarchitv.co/TV/Logos/24.png</channellogo>
</artdetails>
