<?xml version='1.0' encoding='UTF-8'?>
<shortcuts>
	<shortcut>
		<defaultID />
		<label>Zen</label>
		<label2>פריטים מותאמים אישית</label2>
		<icon>DefaultShortcut.png</icon>
		<thumb>special://skin/extras/icons/zen.png</thumb>
		<action>ActivateWindow(Videos,"plugin://plugin.video.zen/?action=movies&amp;url=premiere",return)</action>
	</shortcut>
	<shortcut>
		<defaultID />
		<label>Exodus</label>
		<label2>פריטים מותאמים אישית</label2>
		<icon>DefaultShortcut.png</icon>
		<thumb>special://skin/extras/icons/Exodus.png</thumb>
		<action>ActivateWindow(Videos,"plugin://plugin.video.exodus/?action=tvshows&amp;url=premiere",return)</action>
	</shortcut>
	<shortcut>
		<defaultID />
		<label>Sanctuary</label>
		<label2>פריטים מותאמים אישית</label2>
		<icon>DefaultShortcut.png</icon>
		<thumb>special://skin/extras/icons/multidown.jpg</thumb>
		<action>ActivateWindow(Videos,"plugin://plugin.video.sanctuary",return)</action>
	</shortcut>
	<shortcut>
		<defaultID />
		<label>הרחבות וידאו</label>
		<label2>Custom item</label2>
		<icon>DefaultShortcut.png</icon>
		<thumb>special://skin/extras/icons/newzise/video.png</thumb>
		<action>ActivateWindow(Videos,Addons,return)</action>
	</shortcut>
	<shortcut>
		<defaultID />
		<label>פרימיום</label>
		<label2>Custom item</label2>
		<icon>DefaultShortcut.png</icon>
		<thumb>special://skin/extras/icons/newzise/premium.png</thumb>
		<action>ActivateWindow(1103)</action>
	</shortcut>
	<shortcut>
		<defaultID />
		<label>מועדפים</label>
		<label2>Custom item</label2>
		<icon>DefaultShortcut.png</icon>
		<thumb>special://skin/extras/icons/newzise/favorites.png</thumb>
		<action>ActivateWindow(Favourites)</action>
	</shortcut>
	<shortcut>
		<defaultID>livetv</defaultID>
		<label>טלוויזיה</label>
		<label2>Custom item</label2>
		<icon>special://skin/extras/icons/livetv.png</icon>
		<thumb>special://skin/extras/icons/newzise/livetv.png</thumb>
		<action>ActivateWindow(1112)</action>
	</shortcut>
	<shortcut>
		<defaultID />
		<label>ישראל Vod</label>
		<label2>Custom item</label2>
		<icon>DefaultShortcut.png</icon>
		<thumb>special://skin/extras/icons/newzise/israelvod.png</thumb>
		<action>ActivateWindow(1111)</action>
	</shortcut>
	<shortcut>
		<defaultID />
		<label>ילדים</label>
		<label2>Custom item</label2>
		<icon>DefaultShortcut.png</icon>
		<thumb>special://skin/extras/icons/newzise/kids.png</thumb>
		<action>ActivateWindow(1110)</action>
	</shortcut>
	<shortcut>
		<defaultID>music</defaultID>
		<label>2</label>
		<label2>Custom item</label2>
		<icon>special://skin/extras/icons/songs.png</icon>
		<thumb>special://skin/extras/icons/newzise/music.png</thumb>
		<action>ActivateWindow(1114)</action>
	</shortcut>
	<shortcut>
		<defaultID />
		<label>מבוגרים</label>
		<label2>Custom item</label2>
		<icon>DefaultShortcut.png</icon>
		<thumb>special://skin/extras/icons/sex.png</thumb>
		<action>ActivateWindow(1105)</action>
	</shortcut>
	<shortcut>
		<defaultID>settings</defaultID>
		<label>10004</label>
		<label2>Common Shortcut</label2>
		<icon>special://skin/extras/icons/settings.png</icon>
		<thumb>special://skin/extras/icons/newzise/settings.png</thumb>
		<action>ActivateWindow(Settings)</action>
	</shortcut>
	<shortcut>
		<defaultID>power</defaultID>
		<label>33060</label>
		<label2>Common Shortcut</label2>
		<icon>special://skin/extras/icons/power.png</icon>
		<thumb>special://skin/extras/icons/newzise/power.png</thumb>
		<action>ActivateWindow(shutdownmenu)</action>
	</shortcut>
</shortcuts>
