<?xml version='1.0' encoding='UTF-8'?>
<shortcuts>
	<shortcut>
		<defaultID />
		<label>מדע וטבע</label>
		<label2>Custom item</label2>
		<icon>DefaultShortcut.png</icon>
		<thumb>special://skin/extras/icons/flask.png</thumb>
		<action>ActivateWindow(1108)</action>
	</shortcut>
	<shortcut>
		<defaultID />
		<label>ספורט</label>
		<label2>Custom item</label2>
		<icon>DefaultShortcut.png</icon>
		<thumb>special://skin/extras/icons/soccer.png</thumb>
		<action>ActivateWindow(1107)</action>
	</shortcut>
	<shortcut>
		<defaultID />
		<label>תחזוקה</label>
		<label2>Custom item</label2>
		<icon>DefaultShortcut.png</icon>
		<thumb>special://skin/extras/icons/configure.png</thumb>
		<action>ActivateWindow(1106)</action>
	</shortcut>
</shortcuts>
