<?xml version='1.0' encoding='UTF-8'?>
<shortcuts>
	<shortcut>
		<defaultID />
		<label>538 Video Clips</label>
		<label2>Custom item</label2>
		<icon>DefaultShortcut.png</icon>
		<thumb>special://skin/extras/icons/cloudmusic.png</thumb>
		<action>RunScript(special://userdata/addon_data/script.skinshortcuts/play.py,http://abeksis.com/radio-538)</action>
	</shortcut>
	<shortcut>
		<defaultID />
		<label>Capital TV</label>
		<label2>Custom item</label2>
		<icon>DefaultShortcut.png</icon>
		<thumb>special://skin/extras/icons/Capital-TV.png</thumb>
		<action>RunScript(special://userdata/addon_data/script.skinshortcuts/play.py,http://abeksis.com/Capital-TV)</action>
	</shortcut>
	<shortcut>
		<defaultID />
		<label>Kronehit Online Music</label>
		<label2>Custom item</label2>
		<icon>DefaultShortcut.png</icon>
		<thumb>special://skin/extras/icons/kronehit.png</thumb>
		<action>RunScript(special://userdata/addon_data/script.skinshortcuts/play.py,http://abeksis.com/Krone-Hit)</action>
	</shortcut>
	<shortcut>
		<defaultID />
		<label>MTV Hits</label>
		<label2>Custom item</label2>
		<icon>DefaultShortcut.png</icon>
		<thumb>special://skin/extras/icons/mtv.png</thumb>
		<action>RunScript(special://userdata/addon_data/script.skinshortcuts/play.py,http://abeksis.com/MTV-Hits)</action>
	</shortcut>
	<shortcut>
		<defaultID />
		<label>VH1</label>
		<label2>Custom item</label2>
		<icon>DefaultShortcut.png</icon>
		<thumb>special://skin/extras/icons/mtv.png</thumb>
		<action>RunScript(special://userdata/addon_data/script.skinshortcuts/play.py,http://abeksis.com/Vh1)</action>
	</shortcut>
	<shortcut>
		<defaultID />
		<label>City.tv Music</label>
		<label2>Custom item</label2>
		<icon>DefaultShortcut.png</icon>
		<thumb>special://skin/extras/icons/city.png</thumb>
		<action>RunScript(special://userdata/addon_data/script.skinshortcuts/play.py,http://abeksis.com/city)</action>
	</shortcut>
	<shortcut>
		<defaultID />
		<label>ערוץ 24</label>
		<label2>Custom item</label2>
		<icon>DefaultShortcut.png</icon>
		<thumb>special://skin/extras/icons/24.png</thumb>
		<action>RunScript(special://userdata/addon_data/script.skinshortcuts/play.py,http://abeksis.com/channel-24)</action>
	</shortcut>
	<shortcut>
		<defaultID />
		<label>מוזיקה קלאסית</label>
		<label2>Custom item</label2>
		<icon>DefaultShortcut.png</icon>
		<thumb>special://skin/extras/icons/classical-music.png</thumb>
		<action>RunScript(special://userdata/addon_data/script.skinshortcuts/play.py,http://abeksis.com/classical)</action>
	</shortcut>
	<shortcut>
		<defaultID />
		<label>מוזיקה ישראלית, לועזית, ים תיכונית</label>
		<label2>פריטים מותאמים אישית</label2>
		<icon>DefaultShortcut.png</icon>
		<thumb>special://skin/extras/icons/sets.png</thumb>
		<action>ActivateWindow(Videos,"plugin://plugin.video.playlistLoader/?logos=&amp;move=0&amp;mode=2&amp;index=0&amp;url=https%3A%2F%2Fgoo.gl%2FYS0GmJ&amp;iconimage=&amp;cache=0&amp;name=%5BCOLOR+blue%5D%5B%D7%9E%D7%95%D7%96%D7%99%D7%A7%D7%94+%D7%99%D7%A9%D7%A8%D7%90%D7%9C%D7%99%D7%AA%2C+%D7%9C%D7%95%D7%A2%D7%96%D7%99%D7%AA%2C+%D7%99%D7%9D+%D7%AA%D7%99%D7%9B%D7%95%D7%A0%D7%99%D7%AA%5D%5B%2FCOLOR%5D",return)</action>
	</shortcut>
	<shortcut>
		<defaultID />
		<label>שרים קריוקי</label>
		<label2>Custom item</label2>
		<icon>DefaultShortcut.png</icon>
		<thumb>special://skin/extras/icons/microphone.png</thumb>
		<action>ActivateWindow(Videos,"plugin://plugin.video.karaoketv",return)</action>
	</shortcut>
	<shortcut>
		<defaultID />
		<label>רדיו</label>
		<label2>Custom item</label2>
		<icon>DefaultShortcut.png</icon>
		<thumb>special://skin/extras/icons/creditcard.png</thumb>
		<action>ActivateWindow(1116)</action>
	</shortcut>
</shortcuts>
