[{"versioname":"Miss.Peregrines.Home.for.Peculiar.Children.2016.1080p.BluRay.x264-SPARKS","id":"85889"},{"versioname":"Miss.Peregrines.Home.for.Peculiar.Children.2016.720p.BluRay.x264-SPARKS","id":"85889"},{"versioname":"Miss.Peregrines.Home.for.Peculiar.Children.2016.720p.BRRip.XviD.AC3-RARBG","id":"86460"},{"versioname":"Miss.Peregrines.Home.For.Peculiar.Children.2016.BRRip.XviD.AC3-EVO","id":"86464"},{"versioname":"Miss.Peregrines.Home.For.Peculiar.Children.2016.BRRip.XviD.AC3-iFT","id":"86463"},{"versioname":"Miss.Peregrines.Home.For.Peculiar.Children.2016.DVDRip.XviD.AC3-iFT","id":"86462"},{"versioname":"Miss.Peregrines.Home.for.Peculiar.Children.2016.MULTi.1080p.BluRay.x264-VENUE","id":"86714"}]