<?xml version='1.0' encoding='UTF-8'?>
<shortcuts>
	<shortcut>
		<defaultID />
		<label>סרטים - סדרות - הרחבות </label>
		<label2>Custom item</label2>
		<icon>DefaultShortcut.png</icon>
		<thumb>special://skin/extras/icons/play.png</thumb>
		<action>ActivateWindow(1104)</action>
	</shortcut>
	<shortcut>
		<defaultID />
		<label>מדע וטבע</label>
		<label2>Custom item</label2>
		<icon>DefaultShortcut.png</icon>
		<thumb>special://skin/extras/icons/flask.png</thumb>
		<action>ActivateWindow(1108)</action>
	</shortcut>
	<shortcut>
		<defaultID />
		<label>ספורט</label>
		<label2>Custom item</label2>
		<icon>DefaultShortcut.png</icon>
		<thumb>special://skin/extras/icons/soccer.png</thumb>
		<action>ActivateWindow(1107)</action>
	</shortcut>
	<shortcut>
		<defaultID />
		<label>טוק שואו - ארה״ב</label>
		<label2>Custom item</label2>
		<icon>DefaultShortcut.png</icon>
		<thumb>special://skin/extras/icons/microphone.png</thumb>
		<action>ActivateWindow(1115)</action>
	</shortcut>
	<shortcut>
		<defaultID />
		<label>טיולים ותרבות</label>
		<label2>Custom item</label2>
		<icon>DefaultShortcut.png</icon>
		<thumb>special://skin/extras/icons/map.png</thumb>
		<action>ActivateWindow(VideoLibrary,"plugin://plugin.video.travel",return)</action>
	</shortcut>
	<shortcut>
		<defaultID />
		<label>בישול ומתכונים</label>
		<label2>Custom item</label2>
		<icon>DefaultShortcut.png</icon>
		<thumb>special://skin/extras/icons/Recipes.png</thumb>
		<action>ActivateWindow(1109)</action>
	</shortcut>
	<shortcut>
		<defaultID />
		<label>תחזוקה</label>
		<label2>Custom item</label2>
		<icon>DefaultShortcut.png</icon>
		<thumb>special://skin/extras/icons/configure.png</thumb>
		<action>ActivateWindow(1106)</action>
	</shortcut>
</shortcuts>
