<?xml version='1.0' encoding='UTF-8'?>
<shortcuts>
	<shortcut>
		<defaultID />
		<label>כושר גופני</label>
		<label2>Custom item</label2>
		<icon>DefaultShortcut.png</icon>
		<thumb>special://home/Graphics/icons/Fitness.png</thumb>
		<action>ActivateWindow(VideoLibrary,"plugin://plugin.video.youtube/user/FitnessBlender/",return)</action>
	</shortcut>
	<shortcut>
		<defaultID />
		<label>ESPN live</label>
		<label2>Custom item</label2>
		<icon>DefaultShortcut.png</icon>
		<thumb>special://skin/extras/icons/espn.png</thumb>
		<action>RunScript(special://userdata/addon_data/script.skinshortcuts/play.py,http://abeksis.com/ESPN)</action>
	</shortcut>
	<shortcut>
		<defaultID />
		<label>גולף איכות HD</label>
		<label2>Custom item</label2>
		<icon>DefaultShortcut.png</icon>
		<thumb>special://home/Graphics/icons/golf.png</thumb>
		<action>PlayMedia("plugin://plugin.video.phstreams/?action=play&amp;url=http%3A%2F%2Ftvegolf-i.Akamaihd.net%2Fhls%2Flive%2F218225%2Fgolfx%2F4296k%2Fprog.m3u8%7CX-Forwarded-For%3D209.239.112.104",return)</action>
	</shortcut>
	<shortcut>
		<defaultID />
		<label>פוקר</label>
		<label2>Custom item</label2>
		<icon>DefaultShortcut.png</icon>
		<thumb>special://skin/extras/icons/card.png</thumb>
		<action>http://ooyalahd2-f.akamaihd.net/i/crtv01_delivery@329705/index_1164_av-b.m3u8</action>
	</shortcut>
	<shortcut>
		<defaultID />
		<label>מרוצי מכוניות</label>
		<label2>Custom item</label2>
		<icon>DefaultShortcut.png</icon>
		<thumb>special://home/Graphics/icons/car.png</thumb>
		<action>ActivateWindow(10025,"plugin://plugin.video.projectm/?fanart=http%3a%2f%2fmwiz.co.uk%2fmerlinaddons%2ffanart%2ffanart.jpg&amp;mode=1&amp;name=%5bCOLOR%20aqua%5dMotors%5b%2fCOLOR%5d&amp;url=http%3a%2f%2fmwiz.co.uk%2fmerlinaddons%2ftextfiles%2fmerlinmotors.xml",return)</action>
	</shortcut>
	<shortcut>
		<defaultID />
		<label>היאבקות</label>
		<label2>Custom item</label2>
		<icon>DefaultShortcut.png</icon>
		<thumb>special://skin/extras/icons/wwe.png</thumb>
		<action>ActivateWindow(VideoLibrary,"plugin://plugin.video.all_wrestling",return)</action>
	</shortcut>
	<shortcut>
		<defaultID />
		<label>UFC</label>
		<label2>Custom item</label2>
		<icon>DefaultShortcut.png</icon>
		<thumb>special://home/Graphics/icons/ufc.png</thumb>
		<action>PlayMedia("plugin://plugin.video.israelive/?url=713%3Fmode%3D1&amp;mode=10&amp;name=%5BCOLOR+yellow%5D%5BB%5DUFC+Next%5B%2FB%5D%5B%2FCOLOR%5D+-+%5BCOLOR+orange%5D%5BB%5DUFC+FUEL4+Post+Press+Conference+Full%5B%2FB%5D%5B%2FCOLOR%5D+%5BCOLOR+burlywood%5D%5B18%3A51-19%3A12%5D%5B%2FCOLOR%5D+-+%5BCOLOR+white%5DNext%3A+%5BB%5DUFC+FUEL4+Weigh+In%5B%2FB%5D%5B%2FCOLOR%5D+%5BCOLOR+burlywood%5D%5B19%3A12-19%3A42%5D%5B%2FCOLOR%5D&amp;iconimage=http%3A%2F%2Fstatic.filmon.com%2Fcouch%2Fchannels%2F713%2Fextra_big_logo.png&amp;description=It+will+be+held+in+San+Jose%2C+California.&amp;displayname=UFC+Next&amp;categoryid=10492",return)</action>
	</shortcut>
	<shortcut>
		<defaultID />
		<label>TopGear</label>
		<label2>Custom item</label2>
		<icon>DefaultShortcut.png</icon>
		<thumb>special://skin/extras/icons/configure.png</thumb>
		<action>ActivateWindow(Videos,"plugin://plugin.video.topgear",return)</action>
	</shortcut>
	<shortcut>
		<defaultID />
		<label>כדורסל NBA</label>
		<label2>Custom item</label2>
		<icon>DefaultShortcut.png</icon>
		<thumb>special://skin/extras/icons/nba.png</thumb>
		<action>ActivateWindow(VideoLibrary,"plugin://plugin.video.nbafullgames",return)</action>
	</shortcut>
	<shortcut>
		<defaultID />
		<label>Sky Sports</label>
		<label2>Custom item</label2>
		<icon>DefaultShortcut.png</icon>
		<thumb>special://skin/extras/icons/Footbal.png</thumb>
		<action>PlayMedia("plugin://program.apollo/?action=apollo&amp;imdb=9999&amp;season=935&amp;title=Sky Sport 1 UK",return)</action>
	</shortcut>
	<shortcut>
		<defaultID />
		<label>ערוץ הטלוויזיה של ריאל מדריד</label>
		<label2>Custom shortcut</label2>
		<icon>DefaultShortcut.png</icon>
		<thumb>special://skin/extras/icons/soccer.png</thumb>
		<action>PlayMedia("plugin://plugin.video.anarchitv/?url=http%3A%2F%2Frmtvlive-lh.akamaihd.net%2Fi%2Frmtv_1%40154306%2Fmaster.m3u8&amp;mode=1&amp;name=%D7%A8%D7%99%D7%90%D7%9C+%D7%9E%D7%93%D7%A8%D7%99%D7%93+%D7%98%D7%99%D7%95%D7%99+%5BCOLOR+blue%5D+%5B%5B%2FCOLOR%5D%5BCOLOR+green%5D%D7%A1%D7%A4%D7%95%D7%A8%D7%98%5B%2FCOLOR%5D%5BCOLOR+blue%5D%5D%5B%2FCOLOR%5D&amp;iconimage=%2FUsers%2Faviabeksis%2FLibrary%2FApplication+Support%2FKodi%2Faddons%2Fplugin.video.anarchitv%2Fresources%2Ficons%2Ficon.png",return)</action>
	</shortcut>
	<shortcut>
		<defaultID />
		<label>תחרויות סנוקר</label>
		<label2>Custom item</label2>
		<icon>DefaultShortcut.png</icon>
		<thumb>special://skin/extras/icons/snoker.png</thumb>
		<action>ActivateWindow(10025,"plugin://plugin.video.projectm/?fanart=http%3a%2f%2fmwiz.co.uk%2fmerlinaddons%2ffanart%2ffanart.jpg&amp;mode=1&amp;name=%5bCOLOR%20aqua%5dSnooker%5b%2fCOLOR%5d&amp;url=http%3a%2f%2fmwiz.co.uk%2fmerlinaddons%2ftextfiles%2fmerlinsnooker.xml",return)</action>
	</shortcut>
	<shortcut>
		<defaultID />
		<label>סנוקר</label>
		<label2>Custom item</label2>
		<icon>DefaultShortcut.png</icon>
		<thumb>special://skin/extras/icons/snoker.png</thumb>
		<action>ActivateWindow(VideoLibrary,"plugin://plugin.video.snooker",return)</action>
	</shortcut>
	<shortcut>
		<defaultID />
		<label>זומבה</label>
		<label2>Custom item</label2>
		<icon>DefaultShortcut.png</icon>
		<thumb>special://skin/extras/icons/Zumba.png</thumb>
		<action>ActivateWindow(10025,"plugin://plugin.video.Evolve/?description&amp;fanart=http%3a%2f%2fwww.matsbuilds.uk%2fpics%2fevolve%2ffanart.jpg&amp;mode=1&amp;name=%5bB%5d%5bCOLOR%20red%5dF%5b%2fCOLOR%5d%5bCOLOR%20white%5ditness%5b%2fCOLOR%5d%5b%2fB%5d&amp;url=http%3a%2f%2fpastebin.com%2fraw%2f3jhBuQDC",return)</action>
	</shortcut>
	<shortcut>
		<defaultID />
		<label>איגרוף</label>
		<label2>Custom item</label2>
		<icon>DefaultShortcut.png</icon>
		<thumb>special://home/Graphics/icons/Boxing2.png</thumb>
		<action>PlayMedia("plugin://plugin.video.phstreams/?action=play&amp;url=http%3A%2F%2Fwww.filmon.com%2Fchannel%2Fring-tv",return)</action>
	</shortcut>
</shortcuts>