<?xml version='1.0' encoding='UTF-8'?>
<shortcuts>
	<shortcut>
		<defaultID />
		<label>זקוקים לעזרה?</label>
		<label2>Custom item</label2>
		<icon>DefaultShortcut.png</icon>
		<thumb>special://skin/extras/icons/info.png</thumb>
		<action>RunScript(/Users/aviabeksis/Library/Application Support/Kodi/addons/skin.eminence.he.2/extras/script/default.py)</action>
	</shortcut>
	<shortcut>
		<defaultID />
		<label>Clear Cache - ניקוי קאש</label>
		<label2>Custom item</label2>
		<icon>DefaultShortcut.png</icon>
		<thumb>special://skin/extras/icons/Clear.png</thumb>
		<action>PlayMedia("plugin://script.rawmaintenance/?url=url&amp;mode=1&amp;name=Clear+Cache",return)</action>
	</shortcut>
	<shortcut>
		<defaultID>purgepackages</defaultID>
		<label>להסיר חבילות התקנת זיפ</label>
		<label2>מועדף</label2>
		<icon>special://skin/extras/icons/files.png</icon>
		<thumb>special://skin/extras/icons/zip.png</thumb>
		<action>PlayMedia("plugin://script.rawmaintenance/?url=url&amp;mode=3&amp;name=Purge+Packages",return)</action>
	</shortcut>
	<shortcut>
		<defaultID />
		<label>עדכון הרחבות</label>
		<label2>Custom item</label2>
		<icon>DefaultShortcut.png</icon>
		<thumb>special://skin/extras/icons/download.png</thumb>
		<action>PlayMedia("plugin://plugin.program.echowizard/?url=url&amp;mode=125&amp;name=%5BCOLOR+white%5DUpdate+Addons+and+Repositories%5B%2FCOLOR%5D&amp;fanart=%2FUsers%2Faviabeksis%2FLibrary%2FApplication+Support%2FKodi%2Faddons%2Fplugin.program.echowizard%2Ffanart.jpg",return)</action>
	</shortcut>
	<shortcut>
		<defaultID>deletethumbnails</defaultID>
		<label>להסיר תמונות ממוזערות</label>
		<label2>מועדף</label2>
		<icon>special://skin/extras/icons/files.png</icon>
		<thumb>special://skin/extras/icons/actor.png</thumb>
		<action>PlayMedia("plugin://script.rawmaintenance/?url=url&amp;mode=2&amp;name=Delete+Thumbnails",return)</action>
	</shortcut>
	<shortcut>
		<defaultID />
		<label>מידע מערכת</label>
		<label2>Custom item</label2>
		<icon>DefaultShortcut.png</icon>
		<thumb>special://skin/extras/icons/info.png</thumb>
		<action>ActivateWindow(10001,"plugin://plugin.program.echowizard/?description&amp;fanart=%2fUsers%2faviabeksis%2fLibrary%2fApplication%20Support%2fKodi%2faddons%2fplugin.program.echowizard%2ffanart.jpg&amp;iconimage=%2fUsers%2faviabeksis%2fLibrary%2fApplication%20Support%2fKodi%2faddons%2fplugin.program.echowizard%2fresources%2fart%2fsystem_info.png&amp;mode=4&amp;name=%5bCOLOR%20ghostwhite%5d%5bB%5dSYSTEM%20INFORMATION%5b%2fB%5d%5b%2fCOLOR%5d&amp;url=http%3a%2f%2fechocoder.co.uk%2f",return)</action>
	</shortcut>
	<shortcut>
		<defaultID />
		<label>צפיה בלוג</label>
		<label2>Custom item</label2>
		<icon>DefaultShortcut.png</icon>
		<thumb>special://skin/extras/icons/playlist.png</thumb>
		<action>PlayMedia("plugin://plugin.program.echowizard/?url=http%3A%2F%2Fechocoder.co.uk%2F&amp;mode=82&amp;name=%5BCOLOR+ghostwhite%5D%5BB%5DVIEW+LOG+FILE%5B%2FB%5D%5B%2FCOLOR%5D&amp;fanart=%2FUsers%2Faviabeksis%2FLibrary%2FApplication+Support%2FKodi%2Faddons%2Fplugin.program.echowizard%2Ffanart.jpg",return)</action>
	</shortcut>
	<shortcut>
		<defaultID />
		<label>צפיה בקובץ השגיאה</label>
		<label2>Custom item</label2>
		<icon>DefaultShortcut.png</icon>
		<thumb>special://skin/extras/icons/configure.png</thumb>
		<action>PlayMedia("plugin://plugin.program.echowizard/?url=http%3A%2F%2Fechocoder.co.uk%2F&amp;mode=154&amp;name=%5BCOLOR+ghostwhite%5D%5BB%5DVIEW+THE+LAST+ERROR+IN+LOG+FILE%5B%2FB%5D%5B%2FCOLOR%5D&amp;fanart=%2FUsers%2Faviabeksis%2FLibrary%2FApplication+Support%2FKodi%2Faddons%2Fplugin.program.echowizard%2Ffanart.jpg",return)</action>
	</shortcut>
	<shortcut>
		<defaultID />
		<label>בדיקת גרסה - אבקסיס וויזארד</label>
		<label2>Custom item</label2>
		<icon>DefaultShortcut.png</icon>
		<thumb>special://skin/extras/icons/abeksis.png</thumb>
		<action>RunAddOn(script.AbeksisWizard)</action>
	</shortcut>
	<shortcut>
		<defaultID />
		<label>מנהל הקבצים</label>
		<label2>Custom item</label2>
		<icon>DefaultShortcut.png</icon>
		<thumb>special://skin/extras/icons/files.png</thumb>
		<action>ActivateWindow(FileManager)</action>
	</shortcut>
	<shortcut>
		<defaultID />
		<label>ביטול/הפעל השתקה</label>
		<label2>Custom item</label2>
		<icon>DefaultShortcut.png</icon>
		<thumb>special://home/Graphics/icons/mute.png</thumb>
		<action>Mute</action>
	</shortcut>
	<shortcut>
		<defaultID>13009</defaultID>
		<label>יציאה מקודי</label>
		<label2>פקודת Kodi</label2>
		<icon>special://skin/extras/icons/power.png</icon>
		<thumb />
		<action>Quit</action>
	</shortcut>
	<shortcut>
		<defaultID />
		<label>תיקון ליוטיוב</label>
		<label2>Custom item</label2>
		<icon>DefaultShortcut.png</icon>
		<thumb>special://skin/extras/icons/settings.png</thumb>
		<action>PlayMedia("plugin://plugin.video.KIDSIL/?url=bj&amp;mode=25&amp;name=FIX+YOUTUBE&amp;iconimage=special%3A%2F%2Fhome%2Faddons%2Fplugin.video.kidsil%2FUntitled1.jpg&amp;description=",return)</action>
	</shortcut>
	<shortcut>
		<defaultID />
		<label>איפוס בסיס נתונים - Salts</label>
		<label2>Custom item</label2>
		<icon>DefaultShortcut.png</icon>
		<thumb>special://home/Graphics/icons/db.png</thumb>
		<action>RunPlugin(plugin://plugin.video.salts/?mode=reset_db)</action>
	</shortcut>
	<shortcut>
		<defaultID />
		<label>מחיקת קאש להרחבה Genesis Specto</label>
		<label2>Custom item</label2>
		<icon>DefaultShortcut.png</icon>
		<thumb>special://skin/extras/icons/paintbrush.png</thumb>
		<action>ActivateWindow(VideoLibrary,"plugin://plugin.video.specto/?action=clearCache",return)</action>
	</shortcut>
	<shortcut>
		<defaultID />
		<label>מחיקת קאש בתוסף Sdarot.tv</label>
		<label2>Custom item</label2>
		<icon>DefaultShortcut.png</icon>
		<thumb>special://skin/extras/icons/Clear.png</thumb>
		<action>RunPlugin(plugin://plugin.video.sdarot.tv/sdarot.py?mode=7&amp;url=settings)</action>
	</shortcut>
	<shortcut>
		<defaultID />
		<label>זהירות - מחיקת קודי לברירת מחדל</label>
		<label2>Custom item</label2>
		<icon>DefaultShortcut.png</icon>
		<thumb>special://skin/extras/icons/kodi.png</thumb>
		<action>ActivateWindow(Programs,"plugin://plugin.video.freshstart",return)</action>
	</shortcut>
</shortcuts>
