<?xml version='1.0' encoding='UTF-8'?>
<shortcuts>
	<shortcut>
		<defaultID />
		<label>ערוץ 1</label>
		<label2>Custom item</label2>
		<icon>DefaultShortcut.png</icon>
		<thumb>special://skin/extras/icons/Channel_1.png</thumb>
		<action>PlayMedia("plugin://plugin.video.israelive/?url=channel-511M%3Fmode%3D33&amp;mode=10&amp;displayname=%D7%94%D7%A2%D7%A8%D7%95%D7%A5+%D7%94%D7%A8%D7%90%D7%A9%D7%95%D7%9F%0D%0A&amp;categoryid=10065",return)</action>
	</shortcut>
	<shortcut>
		<defaultID />
		<label>ערוץ 1 שידור נוסף</label>
		<label2>Custom item</label2>
		<icon>DefaultShortcut.png</icon>
		<thumb>special://skin/extras/icons/Channel_1.png</thumb>
		<action>RunScript(special://userdata/addon_data/script.skinshortcuts/play.py,http://abeksis.com/channel-1)</action>
	</shortcut>
	<shortcut>
		<defaultID />
		<label>ערוץ 2 - שידורי רשת - רביעי-שבת</label>
		<label2>Custom item</label2>
		<icon>DefaultShortcut.png</icon>
		<thumb>special://home/Graphics/icons/channel2.png</thumb>
		<action>RunScript(special://userdata/addon_data/script.skinshortcuts/play.py,http://abeksis.com/channel-2-Reshet)</action>
	</shortcut>
	<shortcut>
		<defaultID />
		<label>ערוץ 2 - שידורי קשת - ראשון-שלישי</label>
		<label2>Custom item</label2>
		<icon>DefaultShortcut.png</icon>
		<thumb>special://home/Graphics/icons/channel2.png</thumb>
		<action>PlayMedia("plugin://plugin.video.israelive/?url=6540b8dcb64fd31006%3Fmode%3D2&amp;mode=10&amp;displayname=%D7%A2%D7%A8%D7%95%D7%A5+2&amp;categoryid=10065",return)</action>
	</shortcut>
	<shortcut>
		<defaultID />
		<label>ערוץ 2</label>
		<label2>Custom item</label2>
		<icon>DefaultShortcut.png</icon>
		<thumb>special://home/Graphics/icons/channel2.png</thumb>
		<action>RunScript(special://userdata/addon_data/script.skinshortcuts/play.py,http://abeksis.com/channel-2)</action>
	</shortcut>
	<shortcut>
		<defaultID />
		<label>ערוץ 10</label>
		<label2>Custom item</label2>
		<icon>DefaultShortcut.png</icon>
		<thumb>special://home/Graphics/icons/channel10.png</thumb>
		<action>RunScript(special://userdata/addon_data/script.skinshortcuts/play.py,http://abeksis.com/channel-10)</action>
	</shortcut>
	<shortcut>
		<defaultID />
		<label>ערוץ 20</label>
		<label2>Custom item</label2>
		<icon>DefaultShortcut.png</icon>
		<thumb>special://home/Graphics/icons/channel20.png</thumb>
		<action>RunScript(special://userdata/addon_data/script.skinshortcuts/play.py,http://abeksis.com/channel-20)</action>
	</shortcut>
	<shortcut>
		<defaultID />
		<label>ערוץ 24</label>
		<label2>Custom item</label2>
		<icon>DefaultShortcut.png</icon>
		<thumb>special://home/Graphics/icons/24.png</thumb>
		<action>PlayMedia("plugin://plugin.video.israelive/?url=b3480d2eff3fd31006%3Fmode%3D2&amp;mode=10&amp;displayname=%D7%A2%D7%A8%D7%95%D7%A5+%D7%94%D7%9E%D7%95%D7%96%D7%99%D7%A7%D7%94&amp;categoryid=10065",return)</action>
	</shortcut>
	<shortcut>
		<defaultID />
		<label>ערוץ 24 שידור נוסף</label>
		<label2>Custom item</label2>
		<icon>DefaultShortcut.png</icon>
		<thumb>special://home/Graphics/icons/24.png</thumb>
		<action>RunScript(special://userdata/addon_data/script.skinshortcuts/play.py,http://abeksis.com/channel-24)</action>
	</shortcut>
	<shortcut>
		<defaultID />
		<label>ערוץ 9</label>
		<label2>Custom item</label2>
		<icon>DefaultShortcut.png</icon>
		<thumb>special://home/Graphics/icons/channel9.png</thumb>
		<action>RunScript(special://userdata/addon_data/script.skinshortcuts/play.py,http://abeksis.com/channel-9)</action>
	</shortcut>
	<shortcut>
		<defaultID />
		<label>ILand</label>
		<label2>Custom item</label2>
		<icon>DefaultShortcut.png</icon>
		<thumb>special://home/Graphics/icons/iland.png</thumb>
		<action>RunScript(special://userdata/addon_data/script.skinshortcuts/play.py,http://abeksis.com/ILand)</action>
	</shortcut>
	<shortcut>
		<defaultID />
		<label>מוסקבה 24</label>
		<label2>Custom item</label2>
		<icon>DefaultShortcut.png</icon>
		<thumb>special://skin/extras/icons/livetv.png</thumb>
		<action>RunScript(special://userdata/addon_data/script.skinshortcuts/play.py,http://abeksis.com/Mockba-24)</action>
	</shortcut>
</shortcuts>
