<artdetails>
	<rating>5.4</rating>
	<tmdb_type>movie</tmdb_type>
	<revenue>47410000</revenue>
	<tmdb_title>חשבון פתוח</tmdb_title>
	<landscape>http://assets.fanart.tv/fanart/movies/9569/moviethumb/hard-to-kill-5736db281daa4.jpg</landscape>
	<plot>סטיבן סיגל (ניקו) מככב בדרמת פעולה של ברוס מלמוט (מרדף אל תוך הלילה). מייסון סטורם (סיגל), שוטר שהוא זאב בודד, נורה בביתו. הפורצים הורגים את אשתו, והם חושבים שהם הרגו גם אותו ואת בנו. מייסון נלקח בחשאיות לבית החולים, שם הוא מבלה שבע שנים בתרדמת, בעוד בנו גדל בידיעה שאביו מת. כאשר מתעורר מייסון כולם בסכנה: הוא, בנו וחברו הטוב, אך יותר מכולם, מי שהזמין את הרצח. בעזרתה של אחות מסורה ויפהפייה (קלי לה ברוק, 'אישה באדום'), הוא מתאמן במלוא המרץ כדי להחזיר לעצמו את כישוריו יוצאי הדופן באומנויות הלחימה. "חשבון פתוח" עם סטיבן סיגל הוא בידור לשמו, מתחילתו ועד סופו.</plot>
	<thumb>http://assets.fanart.tv/fanart/movies/9569/moviethumb/hard-to-kill-5736db281daa4.jpg</thumb>
	<title>חשבון פתוח</title>
	<fanart>http://image.tmdb.org/t/p/original/ondE1zKjo8aUGHMcKgEkVyaQipw.jpg</fanart>
	<channel>ערוץ הכנסת 99 [B][COLOR lime] ישראל - [/COLOR][/B]</channel>
	<extrafanart>plugin://script.skin.helper.service/?action=EXTRAFANART&amp;path=special%3A%2F%2Fprofile%2Faddon_data%2Fscript.skin.helper.service%2Fpvrthumbs%2F%D7%97%D7%A9%D7%91%D7%95%D7%9F+%D7%A4%D7%AA%D7%95%D7%97%2Fpvrdetails.xml</extrafanart>
	<status>Released</status>
	<poster>http://image.tmdb.org/t/p/original/ucgu8ZE7LN4HerIXqKvCS73Mga5.jpg</poster>
	<imdb_id>tt0099739</imdb_id>
	<studio>Warner Bros.</studio>
	<genre>אחר / לא ידוע</genre>
	<path>pvr://channels/tv/כל הערוצים/</path>
	<banner>http://assets.fanart.tv/fanart/movies/9569/moviebanner/hard-to-kill-568e3c307eda4.jpg</banner>
	<date_scraped>2016-06-21 20:58:57.064215</date_scraped>
	<extrafanarts>[u'http://assets.fanart.tv/fanart/movies/9569/moviebackground/hard-to-kill-568e3c1edbc9e.jpg']</extrafanarts>
	<budget>10000000</budget>
	<clearlogo>http://assets.fanart.tv/fanart/movies/9569/hdmovielogo/hard-to-kill-5117a78b362d5.png</clearlogo>
	<channellogo>http://anarchitv.co/TV/Logos/99.png</channellogo>
</artdetails>
