{
 "name"         : "MixCloud",
 "repository"   : "repository.xbmc.org",
 "plugin"       : "plugin.audio.mixcloud",
 "priority"     : 900,
 "id"           : "provider.kaosbox.mixcloud.search.play",
 "filters"      : {},
 "postprocess"  : "",
 "movies"       : [],
 "tvshows"      : [],
 "musicvideos"  : [],
 "music"        : [
  [
   {
    "link"      : "plugin://plugin.audio.mixcloud/?mode=30",
    "steps"     : [
     "keyboard:{cleartrack_+}",
     ".*{artist}.*{track}.*"
     ],
    "action"    : "PLAY"
   }
  ]
 ],

 "live"         : []
}