{
 "name"         : "Salts HD Lite",
 "plugin"       : "plugin.video.saltshd.lite",
 "priority"     : 500,
 "id"           : "provider.kaosbox.saltshdlite.direct.play",
 "filters"      : {},
 "postprocess"  : "",
 "movies"       : [
  [
   {
    "link"      : "plugin://plugin.video.saltshd.lite/?title={title}&video_type=Movie&trakt_id={trakt}&mode=get_sources&dialog=True&year={year}",
    "steps"     : [],
    "action"    : "PLAY"
   }
  ]
 ],
 "tvshows"      : [
  [
   {
    "link"      : "plugin://plugin.video.saltshd.lite/?ep_airdate={firstaired}&trakt_id={trakt}&episode={episode}&mode=get_sources&dialog=True&title={clearname}&ep_title={title}&season={season}&year={year}&video_type=Episode",
    "steps"     : [],
    "action"    : "PLAY"
   }
  ]
 ],
 "musicvideos"  : [],
 "music"        : [],
 "live"         : []
}
