{
 "name"         : "Cosmix Search Play (OpenELEQ)",
 "plugin"       : "plugin.video.cosmix",
 "priority"     : 500,
 "id"           : "provider.openeleq.cosmix.search.play",
 "filters"      : {},
 "postprocess"  : "",
 "movies"       : [
  [
   {
    "link"      : "plugin://plugin.video.cosmix/",
    "steps"     : [
     ".*Movie.*",
     ".*{title}.*{year}.*"
     ],
    "action"    : "ACTIVATE"
   }
  ]
 ],
 "tvshows"      : [
  [
   {
    "link"      : "plugin://plugin.video.cosmix/",
    "steps"     : [
     ".*episode.*",
     ".*{clearname}.*"
     ],
    "action"    : "ACTIVATE"
   }
  ]
 ],
 "music"        : [],
 "music_video"  : [],
 "live"         : [
  [
   {
    "link"      : "plugin://plugin.video.cosmix/",
    "steps"     : [
     ".*tv.*",
     ".*{basename}.*{extension}|{extension|number_to_text()}.*"
     ],
    "action"    : "ACTIVATE"
   },
   {
    "link"      : "plugin://plugin.video.cosmix/",
    "steps"     : [
     ".*tv.*",
     ".*{basename}.*{extension|text_to_number()}.*"
     ],
    "action"    : "ACTIVATE"
   }
  ]
 ]
}
