{
 "name"         : "Exodus",
 "plugin"       : "plugin.video.exodus",
 "priority"     : 500,
 "id"           : "provider.kaosbox.exodus.direct.play",
 "filters"      : {},
 "postprocess"  : "",
 "movies"       : [],
 "tvshows"      : [
  [
   {
    "link"      : "plugin://plugin.video.exodus/?action=episodes&imdb={imdb}&season={season}&tvdb={id}&tvshowtitle={clearname}&year={year}",
    "steps"     : [],
    "action"    : "ACTIVATE"
   }
  ]
 ],
 "musicvideos"  : [],
 "music"        : [],







 "live"         : []
}