{
 "name"         : "Music Box",
 "plugin"       : "plugin.audio.musicbox",
 "priority"     : 500,
 "id"           : "provider.kaosbox.musicbox.direct.play",
 "filters"      : {},
 "postprocess"  : "",
  "movies"       : [],
 "tvshows"      : [],
 "musicvideos"  : [
  [
   {
    "link"      : "plugin://plugin.audio.musicbox/?url=&mode=37&name=&iconimage=&fanart&album={album}&track_name={track}&type=song&artist={artist}",
    "steps"     : [],


    "action"    : "PLAY"
   }
  ]
 ],
 "music"        : [
  [
   {
    "link"      : "plugin://plugin.audio.musicbox/?url=&mode=39&name=&iconimage=&fanart&album={album}&track_name={track}&type=song&artist={artist}",
    "steps"     : [],
    "action"    : "PLAY"
   }
  ]
 ],
 "live"         : []
}
