{
 "name"         : "UK Turk Playlists",
 "plugin"       : "plugin.video.ukturk",
 "priority"     : 800,
 "id"           : "provider.kaosbox.ukturk.search.direct.play",
 "filters"      : {},
 "postprocess"  : "",
 "movies"       : [
  [
   {
    "link"      : "plugin://plugin.video.ukturk/",
    "steps"     : [
     "movies",
     "@any",
     ".*{title}.*{year}.*"
     ],
    "action"    : "PLAY"
   },
   {
    "link"      : "plugin://plugin.video.ukturk/",
    "steps"     : [
     ".*stand.*",
     ".*{title}.*"
     ],
    "action"    : "PLAY"
   }
  ]
 ],
 "tvshows"      : [
  [
   {
    "link"      : "plugin://plugin.video.ukturk/",
    "steps"     : [
     ".*shows*",
     "($$.*$$)*{clearname}($$.*$$)*",
     ".*S{season:02d}E{episode:02d}.*|.*E{episode:02d}.*|.*E{absolute_number:02d}.*|.*{title}.*"
     ],
    "action"    : "PLAY"
   },
   {
    "link"      : "plugin://plugin.video.ukturk/",
    "steps"     : [
     ".*cartoons*",
     "($$.*$$)*{clearname}($$.*$$)*",
     ".*S{season:02d}E{episode:02d}.*|.*E{episode:02d}.*|.*E{absolute_number:02d}.*|.*{title}.*"
     ],
    "action"    : "PLAY"
   }
  ]
 ],
 "live"         : [
  [
   {
    "link"      : "plugin://plugin.video.ukturk/",
    "steps"     : [
     ".*live.*|.*sports.*",
     "{name}"
     ],
    "action"    : "PLAY"
   },
   {
    "link"      : "plugin://plugin.video.ukturk/",
    "steps"     : [
     ".*live.*|.*sports.*",
     ".*{name}.*"
     ],
    "action"    : "PLAY"
   },
   {
    "link"      : "plugin://plugin.video.ukturk/",
    "steps"     : [
     ".*live.*|.*sports.*",
     "{basename}.({extension}|{extension|number_to_text()}|{extension|text_to_number()})"
     ],
    "action"    : "PLAY"
   },
   {
    "link"      : "plugin://plugin.video.ukturk/",
    "steps"     : [
     ".*live.*|.*sports.*",
     ".*{basename}.({extension}|{extension|number_to_text()}|{extension|text_to_number()}).*"
     ],
    "action"    : "PLAY"
   }
  ]
 ] 
}
