{
 "name"         : "MP3 Streams",
 "repository"   : "repository.Kinkin",
 "plugin"       : "plugin.audio.mp3streams",
 "priority"     : 900,
 "id"           : "provider.kaosbox.mp3streams.search.play",
 "filters"      : {},
 "postprocess"  : "",
 "movies"       : [],
 "tvshows"      : [],
 "musicvideos"  : [],
 "music"        : [
  [
   {
    "link"      : "plugin://plugin.audio.mp3streams/?mode=26&name={cleartrack}&url=url",
    "steps"     : [
     "{clearartist} - {album} - {cleartrack}"
     ],
    "action"    : "ACTIVATE"
   },
   {
    "link"      : "plugin://plugin.audio.mp3streams/?mode=26&name={cleartrack}&url=url",
    "steps"     : [
     ".*{clearartist} - {album} - {cleartrack}.*"
     ],
    "action"    : "ACTIVATE"
   },
   {
    "link"      : "plugin://plugin.audio.mp3streams/?mode=26&name={cleartrack}&url=url",
    "steps"     : [
     "{clearartist} - .* - {cleartrack}"
     ],
    "action"    : "ACTIVATE"
   },
   {
    "link"      : "plugin://plugin.audio.mp3streams/?mode=26&name={cleartrack}&url=url",
    "steps"     : [
     ".*{clearartist} - .* - {cleartrack}.*"
     ],
    "action"    : "ACTIVATE"
   },
   {
    "link"      : "plugin://plugin.audio.mp3streams/?mode=26&name={cleartrack}&url=url",
    "steps"     : [
     "{clearartist} - {cleartrack}"
     ],
    "action"    : "ACTIVATE"
   },
   {
    "link"      : "plugin://plugin.audio.mp3streams/?mode=26&name={cleartrack}&url=url",
    "steps"     : [
     ".*{clearartist} - {cleartrack}.*"
     ],
    "action"    : "ACTIVATE"
   },
   {
    "link"      : "plugin://plugin.audio.mp3streams/?mode=26&name={cleartrack}&url=url",
    "steps"     : [
     "{cleartrack}"
     ],
    "action"    : "ACTIVATE"
   },
   {
    "link"      : "plugin://plugin.audio.mp3streams/?mode=26&name={cleartrack}&url=url",
    "steps"     : [
     ".*{cleartrack}.*"
     ],
    "action"    : "ACTIVATE"
   }
  ]
 ],
 "live"         : []
}