<?xml version='1.0' encoding='UTF-8'?>
<shortcuts>
	<shortcut>
		<defaultID />
		<label>Exodus - אקסודוס</label>
		<label2>Custom item</label2>
		<icon>DefaultShortcut.png</icon>
		<thumb>special://skin/extras/icons/Exodus.png</thumb>
		<action>ActivateWindow(VideoLibrary,"plugin://plugin.video.exodus",return)</action>
	</shortcut>
	<shortcut>
		<defaultID />
		<label>Genesis Specto</label>
		<label2>Custom shortcut</label2>
		<icon>DefaultShortcut.png</icon>
		<thumb>special://skin/extras/icons/Genesis_Specto.png</thumb>
		<action>ActivateWindow(10025,"plugin://plugin.video.specto",return)</action>
	</shortcut>
	<shortcut>
		<defaultID />
		<label>Genesis Reborn</label>
		<label2>פריטים מותאמים אישית</label2>
		<icon>DefaultShortcut.png</icon>
		<thumb>special://skin/extras/icons/player.png</thumb>
		<action>ActivateWindow(Videos,"plugin://plugin.video.genesisreborn",return)</action>
	</shortcut>
	<shortcut>
		<defaultID />
		<label>ONE242415</label>
		<label2>פריטים מותאמים אישית</label2>
		<icon>DefaultShortcut.png</icon>
		<thumb>special://skin/extras/icons/one242415.png</thumb>
		<action>ActivateWindow(Videos,"plugin://plugin.video.one242415",return)</action>
	</shortcut>
	<shortcut>
		<defaultID />
		<label>Zen</label>
		<label2>Custom item</label2>
		<icon>DefaultShortcut.png</icon>
		<thumb>special://skin/extras/icons/zen.png</thumb>
		<action>ActivateWindow(Videos,"plugin://plugin.video.zen",return)</action>
	</shortcut>
	<shortcut>
		<defaultID />
		<label>Bob</label>
		<label2>Custom item</label2>
		<icon>DefaultShortcut.png</icon>
		<thumb>special://skin/extras/icons/Bob.png</thumb>
		<action>ActivateWindow(Videos,"plugin://plugin.video.bob",return)</action>
	</shortcut>
	<shortcut>
		<defaultID />
		<label>סרטי 4K</label>
		<label2>Custom item</label2>
		<icon>DefaultShortcut.png</icon>
		<thumb>special://skin/extras/icons/4k.png</thumb>
		<action>ActivateWindow(10025,"plugin://plugin.video.phstreams/?action=directory&amp;content=0&amp;url=http%3a%2f%2falphareborn.offshorepastebin.com%2farb%2f4k%2f4kmovies.xml",return)</action>
	</shortcut>
	<shortcut>
		<defaultID />
		<label>הרחבת Multidown</label>
		<label2>Custom item</label2>
		<icon>DefaultShortcut.png</icon>
		<thumb>special://skin/extras/icons/multidown.jpg</thumb>
		<action>ActivateWindow(Videos,"plugin://plugin.video.multidown",return)</action>
	</shortcut>
	<shortcut>
		<defaultID />
		<label>FilmOn.Tv</label>
		<label2>Custom item</label2>
		<icon>DefaultShortcut.png</icon>
		<thumb>special://skin/extras/icons/icon.png</thumb>
		<action>ActivateWindow(VideoLibrary,"plugin://plugin.video.F.T.V",return)</action>
	</shortcut>
	<shortcut>
		<defaultID />
		<label>הרחבת סרטים - Ump</label>
		<label2>Custom item</label2>
		<icon>DefaultShortcut.png</icon>
		<thumb>special://skin/extras/icons/ump.png</thumb>
		<action>ActivateWindow(VideoLibrary,"plugin://plugin.program.ump/?info=%7B%7D&amp;art=%7B%7D&amp;args=%7B%22sort%22%3A+%22num_votes%2Cdesc%22%2C+%22next_page%22%3A+%22results_title%22%2C+%22title_type%22%3A+%22feature%2Ctv_movie%2Cshort%22%2C+%22at%22%3A+%220%22%7D&amp;module=imdb&amp;content_type=video&amp;page=select_year",return)</action>
	</shortcut>
	<shortcut>
		<defaultID />
		<label>סרטי תלת מימד</label>
		<label2>Custom item</label2>
		<icon>DefaultShortcut.png</icon>
		<thumb>special://skin/extras/icons/3d_icon.png</thumb>
		<action>ActivateWindow(10025,"plugin://plugin.video.projectm/?fanart=http%3A%2F%2F3dhub.netne.net%2Fimages%2Fproject-d-large.jpg&amp;mode=1&amp;name=%5BB%5D%5BCOLOR%20deepskyblue%5D3D%20HUB%5B%2FCOLOR%5D%5B%2FB%5D&amp;url=http%3A%2F%2F3dhub.netne.net%2Fprojectd%2F3dhubmovies.xml",return)</action>
	</shortcut>
	<shortcut>
		<defaultID />
		<label>Titan</label>
		<label2>Custom item</label2>
		<icon>DefaultShortcut.png</icon>
		<thumb>special://skin/extras/icons/sort-up.png</thumb>
		<action>ActivateWindow(VideoLibrary,"plugin://plugin.video.titan/?url=https%3A%2F%2Farchive.org%2Fdownload%2Fhifimoviesdocs%2Fmain_page.xml&amp;mode=10&amp;name=HiFi+Lists&amp;iconimage=%2FUsers%2Faviabeksis%2FLibrary%2FApplication+Support%2FKodi%2Faddons%2Fplugin.video.titan%2Fart%2Fhifi.png&amp;description=",return)</action>
	</shortcut>
</shortcuts>
