<?xml version='1.0' encoding='UTF-8'?>
<shortcuts>
	<shortcut>
		<defaultID />
		<label>זקוקים לעזרה?</label>
		<label2>Custom item</label2>
		<icon>DefaultShortcut.png</icon>
		<thumb>special://skin/extras/icons/info.png</thumb>
		<action>noop</action>
	</shortcut>
	<shortcut>
		<defaultID />
		<label>Clear Cache - ניקוי קאש</label>
		<label2>Custom item</label2>
		<icon>DefaultShortcut.png</icon>
		<thumb>special://skin/extras/icons/Clear.png</thumb>
		<action>PlayMedia("plugin://script.rawmaintenance/?url=url&amp;mode=1&amp;name=Clear+Cache",return)</action>
	</shortcut>
	<shortcut>
		<defaultID>purgepackages</defaultID>
		<label>להסיר חבילות התקנת זיפ</label>
		<label2>מועדף</label2>
		<icon>special://skin/extras/icons/files.png</icon>
		<thumb>special://skin/extras/icons/zip.png</thumb>
		<action>PlayMedia("plugin://script.rawmaintenance/?url=url&amp;mode=3&amp;name=Purge+Packages",return)</action>
	</shortcut>
	<shortcut>
		<defaultID>deletethumbnails</defaultID>
		<label>להסיר תמונות ממוזערות</label>
		<label2>מועדף</label2>
		<icon>special://skin/extras/icons/files.png</icon>
		<thumb>special://skin/extras/icons/actor.png</thumb>
		<action>PlayMedia("plugin://script.rawmaintenance/?url=url&amp;mode=2&amp;name=Delete+Thumbnails",return)</action>
	</shortcut>
	<shortcut>
		<defaultID />
		<label>בדיקת גרסה - אבקסיס וויזארד</label>
		<label2>Custom item</label2>
		<icon>DefaultShortcut.png</icon>
		<thumb>special://skin/extras/icons/abeksis.png</thumb>
		<action>RunAddOn(script.AbeksisWizard)</action>
	</shortcut>
	<shortcut>
		<defaultID />
		<label>מנהל הקבצים</label>
		<label2>Custom item</label2>
		<icon>DefaultShortcut.png</icon>
		<thumb>special://skin/extras/icons/files.png</thumb>
		<action>ActivateWindow(FileManager)</action>
	</shortcut>
</shortcuts>
