<?xml version='1.0' encoding='UTF-8'?>
<shortcuts>
	<shortcut>
		<defaultID />
		<label>The Tonight Show</label>
		<label2>Custom item</label2>
		<icon>DefaultShortcut.png</icon>
		<thumb>special://skin/extras/icons/The-Tonight-Show.png</thumb>
		<action>ActivateWindow(10025,"plugin://plugin.video.exodus/?action=seasons&amp;imdb=tt3444938&amp;tvdb=270261&amp;tvshowtitle=The%20Tonight%20Show%20Starring%20Jimmy%20Fallon&amp;year=2014",return)</action>
	</shortcut>
	<shortcut>
		<defaultID />
		<label>jimmy kimmel</label>
		<label2>Custom item</label2>
		<icon>DefaultShortcut.png</icon>
		<thumb>special://skin/extras/icons/jimmy-kimmel.png</thumb>
		<action>ActivateWindow(10025,"plugin://plugin.video.exodus/?action=seasons&amp;imdb=tt0320037&amp;tvdb=71998&amp;tvshowtitle=Jimmy%20Kimmel%20Live&amp;year=2003",return)</action>
	</shortcut>
	<shortcut>
		<defaultID />
		<label>ellen</label>
		<label2>Custom item</label2>
		<icon>DefaultShortcut.png</icon>
		<thumb>special://skin/extras/icons/ellen.png</thumb>
		<action>ActivateWindow(10025,"plugin://plugin.video.exodus/?action=seasons&amp;imdb=tt0379623&amp;tvdb=72194&amp;tvshowtitle=The%20Ellen%20DeGeneres%20Show&amp;year=2003",return)</action>
	</shortcut>
	<shortcut>
		<defaultID />
		<label>The Late Late Show</label>
		<label2>Custom item</label2>
		<icon>DefaultShortcut.png</icon>
		<thumb>special://skin/extras/icons/The-Late-Late-Show.png</thumb>
		<action>ActivateWindow(10025,"plugin://plugin.video.exodus/?action=seasons&amp;imdb=tt4280606&amp;tvdb=292421&amp;tvshowtitle=The%20Late%20Late%20Show%20with%20James%20Corden&amp;year=2016",return)</action>
	</shortcut>
	<shortcut>
		<defaultID />
		<label>Late Night with Seth Meyers</label>
		<label2>Custom item</label2>
		<icon>DefaultShortcut.png</icon>
		<thumb>special://skin/extras/icons/LateNight.png</thumb>
		<action>ActivateWindow(10025,"plugin://plugin.video.exodus/?action=seasons&amp;imdb=tt3513388&amp;tvdb=270262&amp;tvshowtitle=Late%20Night%20with%20Seth%20Meyers&amp;year=2014",return)</action>
	</shortcut>
</shortcuts>
