<?xml version='1.0' encoding='UTF-8'?>
<shortcuts>
	<shortcut>
		<defaultID />
		<label>חיפוש מטא</label>
		<label2>Custom item</label2>
		<icon>DefaultShortcut.png</icon>
		<thumb>special://skin/extras/icons/search.png</thumb>
		<action>RunPlugin("plugin://plugin.video.meta/tv/search")</action>
	</shortcut>
	<shortcut>
		<defaultID>tvshows</defaultID>
		<label>20343</label>
		<label2>Episode Hub Shortcut</label2>
		<icon>special://skin/extras/icons/tv.png</icon>
		<thumb />
		<action>ActivateWindow(Videos,TvShowTitles,return)</action>
	</shortcut>
	<shortcut>
		<defaultID>31100</defaultID>
		<label>$SKIN[31100|skin.eminence.he.2|‎נוספו לאחרונה]</label>
		<label2>Episode Hub Shortcut</label2>
		<icon>special://skin/extras/icons/recentlyadded.png</icon>
		<thumb />
		<action>ActivateWindow(Videos,RecentlyAddedEpisodes,return)</action>
	</shortcut>
	<shortcut>
		<defaultID>31102</defaultID>
		<label>$SKIN[31102|skin.eminence.he.2|‎צפו אקראי]</label>
		<label2>Episode Hub Shortcut</label2>
		<icon>special://skin/extras/icons/signpost.png</icon>
		<thumb />
		<action>PlayMedia(/Users/aviabeksis/Library/Application Support/Kodi/addons/skin.eminence.he.2/extras/playlists/RandomEpisodes.xsp)</action>
	</shortcut>
	<shortcut>
		<defaultID>1214</defaultID>
		<label>1214</label>
		<label2>Episode Hub Shortcut</label2>
		<icon>special://skin/extras/icons/files.png</icon>
		<thumb />
		<action>ActivateWindow(Videos,Files,return)</action>
	</shortcut>
	<shortcut>
		<defaultID>135</defaultID>
		<label>135</label>
		<label2>Episode Hub Shortcut</label2>
		<icon>special://skin/extras/icons/genre.png</icon>
		<thumb />
		<action>ActivateWindow(Videos,TvShowGenres,return)</action>
	</shortcut>
	<shortcut>
		<defaultID>20388</defaultID>
		<label>20388</label>
		<label2>Episode Hub Shortcut</label2>
		<icon>special://skin/extras/icons/director.png</icon>
		<thumb />
		<action>ActivateWindow(Videos,TvShowStudios,return)</action>
	</shortcut>
	<shortcut>
		<defaultID>344</defaultID>
		<label>344</label>
		<label2>Episode Hub Shortcut</label2>
		<icon>special://skin/extras/icons/actor.png</icon>
		<thumb />
		<action>ActivateWindow(Videos,TvShowActors,return)</action>
	</shortcut>
	<shortcut>
		<defaultID>652</defaultID>
		<label>652</label>
		<label2>Episode Hub Shortcut</label2>
		<icon>special://skin/extras/icons/year.png</icon>
		<thumb />
		<action>ActivateWindow(Videos,TvShowYears,return)</action>
	</shortcut>
	<shortcut>
		<defaultID>136</defaultID>
		<label>136</label>
		<label2>Episode Hub Shortcut</label2>
		<icon>special://skin/extras/icons/playlist.png</icon>
		<thumb />
		<action>ActivateWindow(videos,special://videoplaylists/,return)</action>
	</shortcut>
	<shortcut>
		<defaultID>24001</defaultID>
		<label>24001</label>
		<label2>Episode Hub Shortcut</label2>
		<icon>special://skin/extras/icons/addons.png</icon>
		<thumb />
		<action>ActivateWindow(videos,addons://sources/video/,return)</action>
	</shortcut>
	<shortcut>
		<defaultID>653</defaultID>
		<label>653</label>
		<label2>Episode Hub Shortcut</label2>
		<icon>special://skin/extras/icons/update.png</icon>
		<thumb />
		<action>UpdateLibrary(video)</action>
	</shortcut>
</shortcuts>
