<?xml version='1.0' encoding='UTF-8'?>
<shortcuts>
	<shortcut>
		<defaultID />
		<label>חיפוש</label>
		<label2>Custom item</label2>
		<icon>DefaultShortcut.png</icon>
		<thumb>special://skin/extras/icons/search.png</thumb>
		<action>RunPlugin("plugin://plugin.video.meta/movies/search")</action>
	</shortcut>
	<shortcut>
		<defaultID />
		<label>Exodus - אקסודוס</label>
		<label2>Custom item</label2>
		<icon>DefaultShortcut.png</icon>
		<thumb>special://skin/extras/icons/Exodus.png</thumb>
		<action>ActivateWindow(VideoLibrary,"plugin://plugin.video.exodus",return)</action>
	</shortcut>
	<shortcut>
		<defaultID />
		<label>Genesis Specto</label>
		<label2>Custom shortcut</label2>
		<icon>DefaultShortcut.png</icon>
		<thumb>special://skin/extras/icons/Genesis_Specto.png</thumb>
		<action>ActivateWindow(10025,"plugin://plugin.video.specto",return)</action>
	</shortcut>
	<shortcut>
		<defaultID />
		<label>Salts</label>
		<label2>Custom shortcut</label2>
		<icon>DefaultShortcut.png</icon>
		<thumb>special://skin/extras/icons/Salt.png</thumb>
		<action>ActivateWindow(10025,"plugin://plugin.video.salts",return)</action>
	</shortcut>
	<shortcut>
		<defaultID />
		<label>Zen</label>
		<label2>Custom item</label2>
		<icon>DefaultShortcut.png</icon>
		<thumb>special://skin/extras/icons/play.png</thumb>
		<action>ActivateWindow(Videos,"plugin://plugin.video.zen",return)</action>
	</shortcut>
	<shortcut>
		<defaultID />
		<label>הרחבת Multidown</label>
		<label2>Custom item</label2>
		<icon>DefaultShortcut.png</icon>
		<thumb>special://home/Graphics/icons/multidwon.png</thumb>
		<action>ActivateWindow(Videos,"plugin://plugin.video.multidown",return)</action>
	</shortcut>
	<shortcut>
		<defaultID />
		<label>Morepower איכות שמע 5.1</label>
		<label2>Custom item</label2>
		<icon>DefaultShortcut.png</icon>
		<thumb>special://skin/extras/icons/play.png</thumb>
		<action>ActivateWindow(VideoLibrary,"plugin://plugin.video.morepower/?url=https%3A%2F%2Fgithub.com%2Filovemymac%2FMashUpMorePower%2Fraw%2Fmaster%2F20152016.xml&amp;mode=1&amp;name=%5BCOLOR+white%5D%5BCOLOR+dodgerblue%5D2015-2016+HD+5.1+Movies%5B%2FCOLOR%5D%5B%2FCOLOR%5D&amp;iconimage=https%3A%2F%2Fsteffyflores.files.wordpress.com%2F2015%2F01%2Fstock-photo-46705118-2014-to-2015-business-target-3d-render.jpg&amp;description=",return)</action>
	</shortcut>
	<shortcut>
		<defaultID />
		<label>סדרות אסייתיות</label>
		<label2>Custom item</label2>
		<icon>DefaultShortcut.png</icon>
		<thumb>special://skin/extras/icons/stream-video.png</thumb>
		<action>ActivateWindow(Videos,"plugin://plugin.video.asian4HB",return)</action>
	</shortcut>
	<shortcut>
		<defaultID />
		<label>COMMUNITY ALLSORTS</label>
		<label2>Custom item</label2>
		<icon>DefaultShortcut.png</icon>
		<thumb>special://skin/extras/icons/director.png</thumb>
		<action>ActivateWindow(VideoLibrary,"plugin://plugin.video.communityallsorts",return)</action>
	</shortcut>
	<shortcut>
		<defaultID />
		<label>Imperial Streams</label>
		<label2>Custom item</label2>
		<icon>DefaultShortcut.png</icon>
		<thumb>special://home/Graphics/icons/mdimperialstreams.png</thumb>
		<action>ActivateWindow(VideoLibrary,"plugin://plugin.video.mdimperialstreams",return)</action>
	</shortcut>
	<shortcut>
		<defaultID />
		<label>FilmOn.Tv</label>
		<label2>Custom item</label2>
		<icon>DefaultShortcut.png</icon>
		<thumb>special://home/Graphics/icons/icon.png</thumb>
		<action>ActivateWindow(VideoLibrary,"plugin://plugin.video.F.T.V",return)</action>
	</shortcut>
	<shortcut>
		<defaultID />
		<label>הרחבת סרטים - Ump</label>
		<label2>Custom item</label2>
		<icon>DefaultShortcut.png</icon>
		<thumb>special://skin/extras/icons/ump.png</thumb>
		<action>ActivateWindow(VideoLibrary,"plugin://plugin.program.ump/?info=%7B%7D&amp;art=%7B%7D&amp;args=%7B%22sort%22%3A+%22num_votes%2Cdesc%22%2C+%22next_page%22%3A+%22results_title%22%2C+%22title_type%22%3A+%22feature%2Ctv_movie%2Cshort%22%2C+%22at%22%3A+%220%22%7D&amp;module=imdb&amp;content_type=video&amp;page=select_year",return)</action>
	</shortcut>
	<shortcut>
		<defaultID />
		<label>סרטי תלת מימד כולל תרגום</label>
		<label2>Custom item</label2>
		<icon>DefaultShortcut.png</icon>
		<thumb>special://skin/extras/icons/3dtv.png</thumb>
		<action>ActivateWindow(VideoLibrary,"plugin://plugin.video.gdrive/?mode=index&amp;instance=gdrive1&amp;folder=0B_U0eftGHrLoTTNIOHgycFlrNkE&amp;content_type=",return)</action>
	</shortcut>
	<shortcut>
		<defaultID />
		<label>Titan</label>
		<label2>Custom item</label2>
		<icon>DefaultShortcut.png</icon>
		<thumb>special://skin/extras/icons/sort-up.png</thumb>
		<action>ActivateWindow(VideoLibrary,"plugin://plugin.video.titan/?url=https%3A%2F%2Farchive.org%2Fdownload%2Fhifimoviesdocs%2Fmain_page.xml&amp;mode=10&amp;name=HiFi+Lists&amp;iconimage=%2FUsers%2Faviabeksis%2FLibrary%2FApplication+Support%2FKodi%2Faddons%2Fplugin.video.titan%2Fart%2Fhifi.png&amp;description=",return)</action>
	</shortcut>
	<shortcut>
		<defaultID />
		<label>סרטים ישראליים</label>
		<label2>Custom item</label2>
		<icon>DefaultShortcut.png</icon>
		<thumb>special://skin/extras/icons/israel_movies.png</thumb>
		<action>ActivateWindow(10025,"plugin://plugin.video.multidown/?action=showposts&amp;extra&amp;page&amp;thumbnail&amp;title=%d7%99%d7%a9%d7%a8%d7%90%d7%9c%d7%99&amp;url=http%3a%2f%2fwww.multidown.me%2fcategory%2f%25d7%25a1%25d7%25a8%25d7%2598%25d7%2599%25d7%259d-%25d7%259c%25d7%2594%25d7%2595%25d7%25a8%25d7%2593%25d7%2594-%25d7%2595%25d7%259c%25d7%25a6%25d7%25a4%25d7%2599%25d7%2599%25d7%2594-%25d7%2599%25d7%25a9%25d7%2599%25d7%25a8%25d7%2594%2f%25d7%2599%25d7%25a9%25d7%25a8%25d7%2590%25d7%259c%25d7%2599%2f",return)</action>
	</shortcut>
</shortcuts>
