<artdetails>
	<status>Released</status>
	<plot>עלילת הסרט מתרחשת בבית מלאכה קטן בדרום תל אביב שמתמחה בחידוש גרוטאות. אחד משני השותפים, מקסים מלמוד (רמי דנון), נפטר בפתאומיות בתחילת הסרט, ומוריש את חלקו דווקא לבנו של שותפו, פידלמן. הבן הרכושני (נבו קמחי) והמנוכר מאביו (ששון גבאי) מעוניין למכור את הסדנה ליזמי נדל"ן, והדבר מערער עוד יותר את יחסיהם של השניים, הגרועים ממילא. בינתיים מגיע למקום צעיר מסתורי שעונה לשם אנטון (הנרי דוד) שברח מהבית, ומתקבל לעבוד כשולייתו של פידלמן. על מנת להציל את הסדנה הכושלת, מציע אנטון, שמתגלה גם כפסנתרן מחונן, לשפץ פסנתר סטיינוויי עתיק אותו גילה בין הגרוטאות שבסדנה. בינתיים, מתאהב אנטון באשתו ההרה של נוח, חווה (שרה אדלר) ומתפתח ביניהם קשר רומנטי. עכשיו נוח ואנטון מתחרים על ליבה של חוה.</plot>
	<tmdb_type>movie</tmdb_type>
	<thumb>http://image.tmdb.org/t/p/original/pPP5iS5JKYI1iaIn5icC1PLnG03.jpg</thumb>
	<title>בוקר טוב</title>
	<fanart>http://image.tmdb.org/t/p/original/pPP5iS5JKYI1iaIn5icC1PLnG03.jpg</fanart>
	<poster>http://image.tmdb.org/t/p/original/zTZWjrS9Honn4rwYNMIqCifYEhr.jpg</poster>
	<imdb_id>tt1787663</imdb_id>
	<tmdb_title>בוקר טוב אדון פידלמן</tmdb_title>
	<date_scraped>2016-06-11 06:17:15.808192</date_scraped>
	<studio>United King Films</studio>
	<channel>ערוץ המוזיקה [B][COLOR lime] ישראל - [/COLOR][/B]</channel>
	<genre>אחר / לא ידוע</genre>
	<path>pvr://channels/tv/כל הערוצים/</path>
	<trailer>plugin://plugin.video.youtube/?action=play_video&amp;videoid=FHyUlgG8nJ4</trailer>
	<channellogo>http://anarchitv.co/TV/Logos/24.png</channellogo>
</artdetails>
