{
 "name"         : "Exodus Direct Activate (OpenELEQ)",
 "plugin"       : "plugin.video.exodus",
 "priority"     : 500,
 "id"           : "provider.openeleq.exodus.direct.activate",
 "filters"      : {},
 "postprocess"  : "",
 "movies"       : [
  [
   {
    "link"      : "plugin://plugin.video.exodus/?action=movies&url=http://api-v2launch.trakt.tv/search?type=movie%26limit=100%26query={title}",
    "steps"     : [],
    "action"    : "ACTIVATE"
   }
  ]
 ],
 "tvshows"      : [
  [
   {
    "link"      : "plugin://plugin.video.exodus/?action=episodes&imdb={imdb}&season={season}&tvdb={id}&tvshowtitle={clearname}&year={year}",
    "steps"     : [],
    "action"    : "ACTIVATE"
   }
  ]
 ],
 "live"         : []
}