<artdetails>
	<status>Released</status>
	<plot>After his departure from the Televen network on June 10th, 2014, Luis Chataing decides to make a tour of theater performances with the crew of "ChataingTV" to thank the viewers' support and to transmit into the Venezuelans' hearts the determination that we must have to stand up immediately in case of adversities, keep fighting, and in this case, defend the freedom of speech.</plot>
	<tmdb_type>movie</tmdb_type>
	<title>Off Air</title>
	<tagline>Luis Chataing: Off Air</tagline>
	<tmdb_title>Fuera Del Aire</tmdb_title>
	<date_scraped>2017-02-02 11:09:59.129208</date_scraped>
	<poster>http://image.tmdb.org/t/p/original/fuxyhcacSxL6Yu3qtnbIfWd7X8O.jpg</poster>
	<genre>אחר / לא ידוע</genre>
	<path>pvr://channels/tv/כל הערוצים/</path>
	<channel>BBC Four</channel>
	<channellogo>http://static.filmon.com/couch/channels/103/extra_big_logo.png</channellogo>
</artdetails>
