<artdetails>
	<rating>5.7</rating>
	<tmdb_type>movie</tmdb_type>
	<revenue>32483410</revenue>
	<tmdb_title>ללא עקבות</tmdb_title>
	<landscape>http://assets.fanart.tv/fanart/movies/8090/moviethumb/untraceable-51cdff4b3d7c0.jpg</landscape>
	<plot>מותחן חדש בכיכובה של דיאן ליין ובבימויו של גרגורי הובליט, שביים בזמנו את "פחד ראשוני", בו אדוארד נורטון הפגין את יכולות פיצול האישיות שלו בפעם הראשונה. ליין מגלמת בלשית ביחידת האנטי טרור ממוחשב של ה-FBI ובמסגרת תפקידה היא אחראית למעצרם של פושעים, האקרים, אנסים ומדי פעם אפילו רוצחים. מקרה חמור במיוחד ניצב במרכז הסרט, כשליין מגלה שבאתר אינטרנט עולה צילום וידאו בשידור חי של גבר הכבול למכשיר עינוי מתוחכם. ככל שייכנסו לאתר יותר משתמשים, כך יתהדק החבל סביב צווארו של הקרבן והוא ימות. ליין צריכה למצוא את הקרבן ואת המקריב לפני שיתרחש אסון.</plot>
	<thumb>http://assets.fanart.tv/fanart/movies/8090/moviethumb/untraceable-51cdff4b3d7c0.jpg</thumb>
	<title>(ע) עקבות</title>
	<fanart>http://image.tmdb.org/t/p/original/eXuIPt9I1xuaVddlgzEQRC2EMnJ.jpg</fanart>
	<channel>ישראל 9 [B][COLOR lime] ישראל - [/COLOR][/B]</channel>
	<extrafanart>plugin://script.skin.helper.service/?action=EXTRAFANART&amp;path=special%3A%2F%2Fprofile%2Faddon_data%2Fscript.skin.helper.service%2Fpvrthumbs%2F%D7%A2+%D7%A2%D7%A7%D7%91%D7%95%D7%AA%2Fpvrdetails.xml</extrafanart>
	<status>Released</status>
	<poster>http://assets.fanart.tv/fanart/movies/8090/movieposter/untraceable-56f649957d05b.jpg</poster>
	<imdb_id>tt0880578</imdb_id>
	<studio>Lakeshore Entertainment / Cohen/Pearl Productions / Screen Gems</studio>
	<genre>אחר / לא ידוע</genre>
	<path>pvr://channels/tv/כל הערוצים/</path>
	<banner>http://assets.fanart.tv/fanart/movies/8090/moviebanner/untraceable-51cdff365d8da.jpg</banner>
	<clearart>http://assets.fanart.tv/fanart/movies/8090/hdmovieclearart/untraceable-50e5ec7a54325.png</clearart>
	<date_scraped>2016-07-04 22:20:35.092951</date_scraped>
	<extrafanarts>[u'http://assets.fanart.tv/fanart/movies/8090/moviebackground/untraceable-528f2e6a194ce.jpg']</extrafanarts>
	<discart>http://assets.fanart.tv/fanart/movies/8090/moviedisc/untraceable-51e39a070a2b6.png</discart>
	<budget>35000000</budget>
	<clearlogo>http://assets.fanart.tv/fanart/movies/8090/movielogo/untraceable-4f6cd7fee9689.png</clearlogo>
	<channellogo>http://anarchitv.co/TV/Logos/9.png</channellogo>
</artdetails>
