{"adult":false,"backdrop_path":"/elPpPBuYB2Zn5wFwz2FSlJlKUjp.jpg","belongs_to_collection":null,"budget":20000000,"genres":[{"id":35,"name":"Comedy"}],"homepage":"","id":376659,"imdb_id":"tt4651520","original_language":"en","original_title":"Bad Moms","overview":"When three overworked and under-appreciated moms are pushed beyond their limits, they ditch their conventional responsibilities for a jolt of long overdue freedom, fun, and comedic self-indulgence.","popularity":5.787563,"poster_path":"/3S7V2Jd2G61LltoCsYUj4GwON5p.jpg","production_companies":[{"name":"Merced Media Partners","id":45358},{"name":"STX Entertainment","id":47729},{"name":"PalmStar Media","id":49152},{"name":"Lucas & Moore","id":67312},{"name":"Huayi Brothers Pictures","id":78996},{"name":"Block Entertainment","id":78997}],"production_countries":[{"iso_3166_1":"US","name":"United States of America"}],"release_date":"2016-07-28","revenue":109387615,"runtime":101,"spoken_languages":[{"iso_639_1":"ru","name":"Pусский"},{"iso_639_1":"en","name":"English"}],"status":"Released","tagline":"Party like a mother.","title":"Bad Moms","video":false,"vote_average":6.1,"vote_count":573}