{"page":1,"results":[{"poster_path":"\/4QlGC3POZbs7DxRuNQDUaivWqi1.jpg","adult":false,"overview":"אלכס הוא מקצוען בכל הקשור במחשבים. הוא יוצר קשר עם אנשי הדארק-ווב (אתר שברגע שהתקבלת אליו, נפתחות בפניך אפשרויות רבות של גניבת זהות ופשעים אינטרנטים). הוא חייב להציל את משפחתו וגם לנקום בבנק שפיטר את אימו. העסקים פורחים, הכסף זורם עד שמשהו משתבש בגדול. במהרה מוצאים אלכס ו-2 שותפיו את עצמם נמלטים מהשלטונות ואנשי הדארק-ווב. זה רק עניין של זמן. אם השלטונות יעלו עליהם זה סופו של האירגון אך אם אנשי הדארק-ווב יקדימו, מדובר בחיים שלהם.","release_date":"2016-07-28","genre_ids":[53,80,18],"id":413052,"original_title":"Hacker","original_language":"en","title":"האקר","backdrop_path":"\/aLS8oJ6qqE954dWo3VIO7SrVkju.jpg","popularity":1.295968,"vote_count":11,"video":false,"vote_average":6.2}],"total_results":1,"total_pages":1}