<?xml version='1.0' encoding='UTF-8'?>
<shortcuts>
	<shortcut>
		<defaultID />
		<label>סרטים - חיצוני</label>
		<label2>Custom item</label2>
		<icon>DefaultShortcut.png</icon>
		<thumb>special://skin/extras/icons/Quasar.png</thumb>
		<action>ActivateWindow(1108)</action>
	</shortcut>
	<shortcut>
		<defaultID />
		<label>ספורט</label>
		<label2>Custom item</label2>
		<icon>DefaultShortcut.png</icon>
		<thumb>special://skin/extras/icons/soccer.png</thumb>
		<action>ActivateWindow(1105)</action>
	</shortcut>
	<shortcut>
		<defaultID />
		<label>מדע וטבע</label>
		<label2>Custom item</label2>
		<icon>DefaultShortcut.png</icon>
		<thumb>special://skin/extras/icons/flask.png</thumb>
		<action>ActivateWindow(1110)</action>
	</shortcut>
	<shortcut>
		<defaultID />
		<label>מנהל קבצים</label>
		<label2>Custom item</label2>
		<icon>DefaultShortcut.png</icon>
		<thumb>special://skin/extras/icons/files.png</thumb>
		<action>ActivateWindow(FileManager)</action>
	</shortcut>
	<shortcut>
		<defaultID />
		<label>תחזוקה</label>
		<label2>Custom item</label2>
		<icon>DefaultShortcut.png</icon>
		<thumb>special://skin/extras/icons/configure.png</thumb>
		<action>ActivateWindow(1111)</action>
	</shortcut>
	<shortcut>
		<defaultID />
		<label>טיולים ותרבות</label>
		<label2>Custom item</label2>
		<icon>DefaultShortcut.png</icon>
		<thumb>special://skin/extras/icons/map.png</thumb>
		<action>ActivateWindow(VideoLibrary,"plugin://plugin.video.travel",return)</action>
	</shortcut>
	<shortcut>
		<defaultID />
		<label>בישול ומתכונים</label>
		<label2>Custom item</label2>
		<icon>DefaultShortcut.png</icon>
		<thumb>special://skin/extras/icons/Recipes.png</thumb>
		<action>ActivateWindow(1112)</action>
	</shortcut>
</shortcuts>
