<?xml version='1.0' encoding='UTF-8'?>
<shortcuts>
	<shortcut>
		<defaultID />
		<label>ערוצי טלוויזיה - לקוח PVR</label>
		<label2>Custom item</label2>
		<icon>DefaultShortcut.png</icon>
		<thumb>special://skin/extras/icons/tv.png</thumb>
		<action>ActivateWindow(MyPVR)</action>
	</shortcut>
	<shortcut>
		<defaultID />
		<label>ישראל TV</label>
		<label2>Custom item</label2>
		<icon>DefaultShortcut.png</icon>
		<thumb>special://home/Graphics/icons/ClassicWhite Design/israeltv1.png</thumb>
		<action>ActivateWindow(1115)</action>
	</shortcut>
	<shortcut>
		<defaultID />
		<label>ערוצי טלוויזיה - israelive</label>
		<label2>Custom item</label2>
		<icon>DefaultShortcut.png</icon>
		<thumb>special://skin/extras/icons/livetv.png</thumb>
		<action>ActivateWindow(Videos,"plugin://plugin.video.israelive",return)</action>
	</shortcut>
	<shortcut>
		<defaultID />
		<label>טלוויזיה - מהעולם</label>
		<label2>Custom item</label2>
		<icon>DefaultShortcut.png</icon>
		<thumb>special://skin/extras/icons/world.png</thumb>
		<action>ActivateWindow(10025,"plugin://plugin.video.thepyramid/?fanart=http%3a%2f%2ftombraiderbuilds.co.uk%2fBackgrounds%2fTombRaiderMoviesBackground.jpg&amp;mode=1&amp;name=%5bB%5d%5bCOLORblue%5dPYRAMID%20IPTV%20WORLD%20CHANNELS%5b%2fCOLOR%5d%5b%2fB%5d&amp;url=http%3a%2f%2ftombraiderbuilds.co.uk%2faddon%2fiptv%2fworld.txt",return)</action>
	</shortcut>
	<shortcut>
		<defaultID />
		<label>RoID</label>
		<label2>Custom item</label2>
		<icon>DefaultShortcut.png</icon>
		<thumb>special://skin/extras/icons/tv.png</thumb>
		<action>ActivateWindow(Videos,"plugin://plugin.video.RoiD",return)</action>
	</shortcut>
	<shortcut>
		<defaultID />
		<label>ערוץ האופנה - FTV</label>
		<label2>Custom item</label2>
		<icon>DefaultShortcut.png</icon>
		<thumb>special://skin/extras/icons/Gordon_Ramsays.png</thumb>
		<action>RunScript(special://userdata/addon_data/script.skinshortcuts/play.py,http://abeksis.com/Fashion)</action>
	</shortcut>
</shortcuts>
