<artdetails>
	<thumb>special://profile/addon_data/script.skin.helper.service/musicartcache/fe494437-162d-4c5c-86f6-67a6f90ef4a1.jpg</thumb>
	<albumcount>1</albumcount>
	<songcount>0</songcount>
	<albumthumb>special://profile/addon_data/script.skin.helper.service/musicartcache/fe494437-162d-4c5c-86f6-67a6f90ef4a1.jpg</albumthumb>
	<artistname>Diplo &amp; Sleepy Tom</artistname>
	<folder>special://profile/addon_data/script.skin.helper.service/musicartcache/fe494437-162d-4c5c-86f6-67a6f90ef4a1.jpg</folder>
	<musicbrainzalbumid>fe494437-162d-4c5c-86f6-67a6f90ef4a1</musicbrainzalbumid>
</artdetails>
