<artdetails>
	<rating>4.6</rating>
	<tmdb_type>tv</tmdb_type>
	<tmdb_title>דה גליידס</tmdb_title>
	<landscape>http://assets.fanart.tv/fanart/tv/168941/tvthumb/the-glades-56b25cfb5d26a.jpg</landscape>
	<plot>שוטר שנזרק מכוח המשטרה של שיקגו לאחר ששכב עם אשתו של המפקד שלו, מתיישב בעיירה רגועה למראה בקצה האברגליידס (חבל-ארץ של אדמות ביצה בדרום מדינת פלורידה). לצערו, הוא מגלה שהחיים שם יותר מסובכים מכפי שחשב.</plot>
	<thumb>http://assets.fanart.tv/fanart/tv/168941/tvthumb/the-glades-56b25cfb5d26a.jpg</thumb>
	<title>The Glades</title>
	<fanart>http://assets.fanart.tv/fanart/tv/168941/showbackground/the-glades-533c999f95c3d.jpg</fanart>
	<homepage>http://www.aetv.com/the-glades/</homepage>
	<channel>MBC Action HD</channel>
	<extrafanart>plugin://script.skin.helper.service/?action=EXTRAFANART&amp;path=special%3A%2F%2Fprofile%2Faddon_data%2Fscript.skin.helper.service%2Fpvrthumbs%2FThe+Glades%2Fpvrdetails.xml</extrafanart>
	<status>Ended</status>
	<poster>http://assets.fanart.tv/fanart/tv/168941/tvposter/the-glades-570829efb004b.jpg</poster>
	<tvdb_id>168941</tvdb_id>
	<studio>A&amp;E</studio>
	<genre>אחר / לא ידוע</genre>
	<path>pvr://channels/tv/כל הערוצים/</path>
	<banner>http://assets.fanart.tv/fanart/tv/168941/tvbanner/the-glades-533c99757bcd2.jpg</banner>
	<clearart>http://assets.fanart.tv/fanart/tv/168941/clearart/the-glades-4f7dc4ddd8d56.png</clearart>
	<date_scraped>2017-02-02 10:12:55.807327</date_scraped>
	<extrafanarts>[u'http://assets.fanart.tv/fanart/tv/168941/showbackground/the-glades-533c999f95c3d.jpg', u'http://assets.fanart.tv/fanart/tv/168941/showbackground/the-glades-533c9a2c8610e.jpg', u'http://assets.fanart.tv/fanart/tv/168941/showbackground/the-glades-56bfcae58adab.jpg']</extrafanarts>
	<clearlogo>http://assets.fanart.tv/fanart/tv/168941/hdtvlogo/the-glades-50540e84911f9.png</clearlogo>
	<channellogo>http://static.filmon.com/couch/channels/369/extra_big_logo.png</channellogo>
</artdetails>
